-- phpMyAdmin SQL Dump
-- version 5.0.4
-- https://www.phpmyadmin.net/
--
-- Хост: 127.0.0.1:3306
-- Время создания: Июл 07 2022 г., 15:04
-- Версия сервера: 5.6.47
-- Версия PHP: 8.0.1

SET SQL_MODE = "NO_AUTO_VALUE_ON_ZERO";
START TRANSACTION;
SET time_zone = "+00:00";


/*!40101 SET @OLD_CHARACTER_SET_CLIENT=@@CHARACTER_SET_CLIENT */;
/*!40101 SET @OLD_CHARACTER_SET_RESULTS=@@CHARACTER_SET_RESULTS */;
/*!40101 SET @OLD_COLLATION_CONNECTION=@@COLLATION_CONNECTION */;
/*!40101 SET NAMES utf8mb4 */;

--
-- База данных: `yii_world`
--

-- --------------------------------------------------------

--
-- Структура таблицы `cache`
--

CREATE TABLE `cache` (
  `id` char(128) NOT NULL,
  `expire` int(11) DEFAULT NULL,
  `data` blob
) ENGINE=InnoDB DEFAULT CHARSET=utf8;

--
-- Дамп данных таблицы `cache`
--

INSERT INTO `cache` (`id`, `expire`, `data`) VALUES
('title', 1655989828, 0x613a323a7b693a303b733a31393a22436f6e74696e656e7473206f6620576f726c64223b693a313b4e3b7d),
('title', 1655989843, 0x613a323a7b693a303b733a31393a22436f6e74696e656e7473206f66204561727468223b693a313b4e3b7d),
('title', 1655989858, 0x613a323a7b693a303b733a31393a22436f6e74696e656e7473206f6620576f726c64223b693a313b4e3b7d),
('title', 1655989894, 0x613a323a7b693a303b733a31393a22436f6e74696e656e7473206f6620576f726c64223b693a313b4e3b7d),
('title', 1655989911, 0x613a323a7b693a303b733a31393a22436f6e74696e656e7473206f66204561727468223b693a313b4e3b7d),
('time', 1655989956, 0x613a323a7b693a303b693a313635353938393934363b693a313b4e3b7d),
('time', 1655989970, 0x613a323a7b693a303b693a313635353938393936303b693a313b4e3b7d),
('time', 1655989983, 0x613a323a7b693a303b693a313635353938393937333b693a313b4e3b7d),
('time', 1655989998, 0x613a323a7b693a303b693a313635353938393938383b693a313b4e3b7d),
('time', 1655990013, 0x613a323a7b693a303b693a313635353939303030333b693a313b4e3b7d);

-- --------------------------------------------------------

--
-- Структура таблицы `city`
--

CREATE TABLE `city` (
  `city_id` int(11) UNSIGNED NOT NULL,
  `region_id` int(11) NOT NULL,
  `name` varchar(255) NOT NULL
) ENGINE=InnoDB DEFAULT CHARSET=utf8;

--
-- Дамп данных таблицы `city`
--

INSERT INTO `city` (`city_id`, `region_id`, `name`) VALUES
(3832, 1001, ''),
(3833, 1001, ''),
(3834, 1001, ''),
(3835, 1001, ''),
(3836, 1001, ''),
(3837, 1001, ''),
(3838, 1001, ''),
(3839, 1001, ''),
(3840, 1001, ''),
(3841, 1001, ''),
(3842, 1001, ''),
(3843, 1001, ''),
(3844, 1001, ''),
(3845, 1001, ''),
(3846, 1001, ''),
(3847, 1001, ''),
(3848, 1001, ''),
(3849, 1001, ''),
(3850, 1001, ''),
(3851, 1001, ''),
(3852, 1001, ''),
(3853, 1001, ''),
(3854, 1001, ''),
(3855, 1001, ''),
(3856, 1001, ''),
(3857, 1001, ''),
(3858, 1001, ''),
(3859, 1001, ''),
(3860, 1001, ''),
(3861, 1001, ''),
(3862, 1001, ''),
(3863, 1001, ''),
(3864, 1001, ''),
(3865, 1002, ''),
(3866, 1002, ''),
(3867, 1002, ''),
(3868, 1002, ''),
(3869, 1002, ''),
(3871, 1002, ''),
(3872, 1002, ''),
(3873, 1002, ''),
(3874, 1002, ''),
(3875, 1002, ''),
(3876, 1002, ''),
(3877, 1002, ''),
(3878, 1002, ''),
(3879, 1002, ''),
(3880, 1002, ''),
(3881, 1002, ''),
(3882, 1002, ''),
(3883, 1002, ''),
(3884, 1002, ''),
(3885, 1003, ''),
(3886, 1003, ''),
(3887, 1003, ''),
(3888, 1003, ''),
(3889, 1003, ''),
(3890, 1003, ''),
(3891, 1003, ''),
(3892, 1003, ''),
(3894, 1003, ''),
(3895, 1003, ''),
(3896, 1003, ''),
(3897, 1003, ''),
(3898, 1003, ''),
(3900, 1003, ''),
(3901, 1003, ''),
(3902, 1003, ''),
(3903, 1003, ''),
(3904, 1003, ''),
(3905, 1003, ''),
(3906, 1003, ''),
(3907, 1003, ''),
(3908, 1003, ''),
(3909, 1003, ''),
(3910, 1003, ''),
(3911, 1003, ''),
(3912, 1003, ''),
(3913, 1003, ''),
(3914, 1003, ''),
(3915, 1003, ''),
(3916, 1003, ''),
(3917, 1003, ''),
(3918, 1003, ''),
(3919, 1003, ''),
(3920, 1003, ''),
(3921, 1003, ''),
(3922, 1004, ''),
(3923, 1004, ''),
(3924, 1004, ''),
(3925, 1004, ''),
(3926, 1004, ''),
(3927, 1012, ''),
(3928, 1004, ''),
(3929, 1004, ''),
(3930, 1004, ''),
(3932, 1004, ''),
(3933, 1004, ''),
(3934, 1004, ''),
(3935, 1004, ''),
(3936, 1004, ''),
(3937, 1004, ''),
(3939, 1004, ''),
(3940, 1004, ''),
(3941, 1004, ''),
(3942, 1004, ''),
(3943, 1004, ''),
(3944, 1004, ''),
(3945, 1004, ''),
(3946, 1004, ''),
(3947, 1004, ''),
(3948, 1004, ''),
(3949, 1004, ''),
(3950, 1004, ''),
(3951, 1004, ''),
(3952, 1004, ''),
(3953, 1004, ''),
(3955, 1004, ''),
(3956, 1004, ''),
(3957, 1004, ''),
(3958, 1004, ''),
(3959, 1004, ''),
(3960, 1004, ''),
(3961, 1004, ''),
(3962, 1004, ''),
(3963, 1004, ''),
(3964, 1004, ''),
(3965, 1004, ''),
(3966, 1004, ''),
(3967, 1004, ''),
(3968, 1004, ''),
(3969, 1004, ''),
(3971, 1004, ''),
(3972, 1004, ''),
(3973, 1004, ''),
(3974, 1004, ''),
(3975, 1004, ''),
(3976, 1004, ''),
(3977, 1004, ''),
(3978, 1004, ''),
(3979, 1004, ''),
(3980, 1005, ''),
(3981, 1005, ''),
(3982, 1005, ''),
(3983, 1005, ''),
(3984, 1005, ''),
(3985, 1005, ''),
(3986, 1005, ''),
(3987, 1005, ''),
(3988, 1005, ''),
(3989, 1005, ''),
(3990, 1005, ''),
(3991, 1005, ''),
(3992, 1005, ''),
(3993, 1005, ''),
(3994, 1005, ''),
(3995, 1005, ''),
(3996, 1005, ''),
(3997, 1005, ''),
(3998, 1005, ''),
(3999, 1005, ''),
(4000, 1005, ''),
(4001, 1005, ''),
(4002, 1005, ''),
(4003, 1005, ''),
(4004, 1005, ''),
(4005, 1005, ''),
(4006, 1005, ''),
(4007, 1005, ''),
(4008, 1005, ''),
(4009, 1005, ''),
(4010, 1005, ''),
(4011, 1005, ''),
(4012, 1006, ''),
(4013, 1006, ''),
(4014, 1006, ''),
(4015, 1006, ''),
(4016, 1006, ''),
(4017, 1006, ''),
(4018, 1006, ''),
(4019, 1006, ''),
(4020, 1006, ''),
(4021, 1006, ''),
(4022, 1006, ''),
(4023, 1006, ''),
(4024, 1006, ''),
(4025, 1006, ''),
(4026, 1006, ''),
(4027, 1006, ''),
(4028, 1007, ''),
(4029, 1007, ''),
(4030, 1007, ''),
(4031, 1007, ''),
(4032, 1007, ''),
(4033, 1007, ''),
(4034, 1007, ''),
(4035, 1007, ''),
(4036, 1007, ''),
(4037, 1007, ''),
(4038, 1007, ''),
(4039, 1007, ''),
(4040, 1007, ''),
(4041, 1007, ''),
(4042, 1007, ''),
(4043, 1007, ''),
(4044, 1007, ''),
(4045, 1007, ''),
(4046, 1007, ''),
(4047, 1007, ''),
(4048, 1007, ''),
(4049, 1008, ''),
(4050, 1008, ''),
(4051, 1008, ''),
(4052, 1008, ''),
(4053, 1008, ''),
(4054, 1008, ''),
(4055, 1008, ''),
(4056, 1008, ''),
(4057, 1008, ''),
(4058, 1008, ''),
(4059, 1008, ''),
(4060, 1008, ''),
(4061, 1013, ''),
(4062, 1008, ''),
(4063, 1008, ''),
(4064, 1008, ''),
(4065, 1008, ''),
(4066, 1008, ''),
(4068, 1008, ''),
(4069, 1008, ''),
(4070, 1008, ''),
(4071, 1008, ''),
(4072, 1008, ''),
(4073, 1008, ''),
(4074, 1008, ''),
(4075, 1008, ''),
(4076, 1008, ''),
(4077, 1008, ''),
(4078, 1008, ''),
(4079, 1008, ''),
(4080, 1009, ''),
(4081, 1009, ''),
(4082, 1009, ''),
(4083, 1009, ''),
(4084, 1009, ''),
(4085, 1009, ''),
(4086, 1009, ''),
(4087, 1009, ''),
(4088, 1009, ''),
(4089, 1009, ''),
(4090, 1009, ''),
(4091, 1009, ''),
(4092, 1009, ''),
(4093, 1009, ''),
(4094, 1009, ''),
(4095, 1009, ''),
(4096, 1009, ''),
(4097, 1009, ''),
(4098, 1009, ''),
(4100, 1009, ''),
(4101, 1009, ''),
(4102, 1009, ''),
(4103, 1009, ''),
(4104, 1009, ''),
(4105, 1009, ''),
(4106, 1009, ''),
(4107, 1009, ''),
(4108, 1009, ''),
(4109, 1009, ''),
(4110, 1009, ''),
(4111, 1009, ''),
(4112, 1009, ''),
(4113, 1009, ''),
(4114, 1009, ''),
(4116, 1010, ''),
(4117, 1010, ''),
(4118, 1010, ''),
(4119, 1010, ''),
(4120, 1010, ''),
(4121, 1010, ''),
(4122, 1010, ''),
(4123, 1010, ''),
(4124, 1010, ''),
(4125, 1010, ''),
(4126, 1010, ''),
(4127, 1010, ''),
(4128, 1010, ''),
(4129, 1010, ''),
(4130, 1010, ''),
(4131, 1010, ''),
(4132, 1010, ''),
(4133, 1010, ''),
(4134, 1010, ''),
(4135, 1010, ''),
(4136, 1010, ''),
(4137, 1010, ''),
(4138, 1010, ''),
(4139, 1010, ''),
(4141, 1011, ''),
(4142, 1011, ''),
(4143, 1011, ''),
(4145, 1011, ''),
(4146, 1011, ''),
(4147, 1011, ''),
(4148, 1011, ''),
(4149, 1011, ''),
(4150, 1011, ''),
(4151, 1011, ''),
(4152, 1011, ''),
(4153, 1011, ''),
(4155, 1011, ''),
(4156, 1011, ''),
(4157, 1011, ''),
(4158, 1011, ''),
(4159, 1011, ''),
(4160, 1011, ''),
(4162, 1011, ''),
(4163, 1011, ''),
(4164, 1011, ''),
(4165, 1011, ''),
(4166, 1011, ''),
(4167, 1011, ''),
(4168, 1011, ''),
(4169, 1011, ''),
(4170, 1011, ''),
(4171, 1012, ''),
(4172, 1012, ''),
(4173, 1012, ''),
(4174, 1004, ''),
(4175, 1012, ''),
(4176, 1012, ''),
(4177, 1012, ''),
(4178, 1012, ''),
(4179, 1012, ''),
(4180, 1012, ''),
(4181, 1012, ''),
(4182, 1012, ''),
(4183, 1012, ''),
(4184, 1012, ''),
(4185, 1012, ''),
(4186, 1012, ''),
(4187, 1012, ''),
(4188, 1012, ''),
(4189, 1012, ''),
(4190, 1012, ''),
(4192, 1012, ''),
(4193, 1012, ''),
(4194, 1012, ''),
(4195, 1012, ''),
(4196, 1012, ''),
(4197, 1012, ''),
(4198, 1012, ''),
(4199, 1012, ''),
(4200, 1012, ''),
(4201, 1012, ''),
(4202, 1012, ''),
(4204, 1012, ''),
(4206, 1012, ''),
(4207, 1012, ''),
(4208, 1012, ''),
(4209, 1012, ''),
(4210, 1012, ''),
(4211, 1012, ''),
(4212, 1012, ''),
(4213, 1012, ''),
(4214, 1012, ''),
(4215, 1012, ''),
(4216, 1012, ''),
(4217, 1012, ''),
(4218, 1012, ''),
(4219, 1012, ''),
(4220, 1012, ''),
(4221, 1012, ''),
(4222, 1012, ''),
(4223, 1012, ''),
(4224, 1012, ''),
(4225, 1012, ''),
(4226, 1012, ''),
(4227, 1012, ''),
(4228, 1012, ''),
(4229, 1013, ''),
(4230, 1013, ''),
(4231, 1013, ''),
(4232, 1013, ''),
(4233, 1013, ''),
(4234, 1013, ''),
(4235, 1013, ''),
(4236, 1013, ''),
(4237, 1013, ''),
(4239, 1013, ''),
(4240, 1013, ''),
(4241, 1013, ''),
(4242, 1013, ''),
(4244, 1013, ''),
(4245, 1013, ''),
(4246, 1013, ''),
(4247, 1013, ''),
(4248, 1013, ''),
(4249, 1013, ''),
(4250, 1013, ''),
(4251, 1013, ''),
(4252, 1013, ''),
(4253, 1013, ''),
(4254, 1013, ''),
(4255, 1013, ''),
(4256, 1013, ''),
(4257, 1013, ''),
(4258, 1013, ''),
(4259, 1013, ''),
(4260, 1013, ''),
(4261, 1013, ''),
(4262, 1013, ''),
(4263, 1013, ''),
(4264, 1014, ''),
(4265, 1014, ''),
(4266, 1014, ''),
(4267, 1014, ''),
(4268, 1014, ''),
(4270, 1014, ''),
(4271, 1014, ''),
(4272, 1014, ''),
(4273, 1014, ''),
(4274, 1014, ''),
(4275, 1014, ''),
(4276, 1014, ''),
(4277, 1014, ''),
(4278, 1014, ''),
(4279, 1014, ''),
(4280, 1014, ''),
(4281, 1014, ''),
(4282, 1015, ''),
(4283, 1015, ''),
(4284, 1015, ''),
(4285, 1015, ''),
(4286, 1015, ''),
(4287, 1015, ''),
(4288, 1015, ''),
(4289, 1015, ''),
(4290, 1015, ''),
(4291, 1015, ''),
(4292, 1015, ''),
(4293, 1015, ''),
(4294, 1015, ''),
(4295, 1015, ''),
(4296, 1015, ''),
(4297, 1015, ''),
(4298, 1015, ''),
(4299, 1015, ''),
(4300, 1015, ''),
(4301, 1015, ''),
(4302, 1015, ''),
(4303, 1015, ''),
(4304, 1015, ''),
(4305, 1015, ''),
(4306, 1015, ''),
(4307, 1015, ''),
(4308, 1015, ''),
(4309, 1015, ''),
(4310, 1015, ''),
(4311, 1015, ''),
(4312, 1015, ''),
(4313, 1015, ''),
(4314, 1015, ''),
(4315, 1016, ''),
(4316, 1016, ''),
(4317, 1016, ''),
(4318, 1016, ''),
(4319, 1016, ''),
(4320, 1016, ''),
(4321, 1016, ''),
(4322, 1016, ''),
(4324, 1016, ''),
(4325, 1016, ''),
(4326, 1016, ''),
(4327, 1016, ''),
(4328, 1016, ''),
(4329, 1016, ''),
(4330, 1016, ''),
(4331, 1016, ''),
(4332, 1016, ''),
(4333, 1016, ''),
(4334, 1016, ''),
(4335, 1016, ''),
(4336, 1016, ''),
(4337, 1016, ''),
(4338, 1016, ''),
(4339, 1016, ''),
(4340, 1016, ''),
(4341, 1016, ''),
(4342, 1016, ''),
(4343, 1016, ''),
(4344, 1017, ''),
(4345, 1017, ''),
(4346, 1017, ''),
(4347, 1017, ''),
(4348, 1017, ''),
(4349, 1017, ''),
(4350, 1017, ''),
(4351, 1017, ''),
(4352, 1017, ''),
(4353, 1017, ''),
(4354, 1017, ''),
(4355, 1017, ''),
(4356, 1017, ''),
(4357, 1017, ''),
(4358, 1017, ''),
(4359, 1017, ''),
(4360, 1005, ''),
(4361, 1018, ''),
(4362, 1018, ''),
(4363, 1018, ''),
(4364, 1018, ''),
(4365, 1018, ''),
(4366, 1018, ''),
(4367, 1018, ''),
(4368, 1018, ''),
(4369, 1018, ''),
(4370, 1018, ''),
(4371, 1018, ''),
(4372, 1018, ''),
(4373, 1018, ''),
(4374, 1018, ''),
(4375, 1018, ''),
(4376, 1018, ''),
(4377, 1018, ''),
(4378, 1018, ''),
(4379, 1018, ''),
(4380, 1018, ''),
(4381, 1018, ''),
(4382, 1018, ''),
(4384, 1018, ''),
(4385, 1019, ''),
(4386, 1019, ''),
(4387, 1019, ''),
(4388, 1019, ''),
(4389, 1019, ''),
(4390, 1019, ''),
(4391, 1019, ''),
(4392, 1019, ''),
(4393, 1019, ''),
(4394, 1019, ''),
(4395, 1019, ''),
(4396, 1019, ''),
(4397, 1019, ''),
(4398, 1019, ''),
(4399, 1019, ''),
(4400, 1019, ''),
(4401, 1019, ''),
(4402, 1019, ''),
(4403, 1019, ''),
(4404, 1019, ''),
(4405, 1019, ''),
(4406, 1019, ''),
(4407, 1019, ''),
(4408, 1020, ''),
(4409, 1020, ''),
(4410, 1020, ''),
(4411, 1020, ''),
(4412, 1020, ''),
(4413, 1020, ''),
(4414, 1020, ''),
(4415, 1020, ''),
(4416, 1020, ''),
(4417, 1020, ''),
(4418, 1020, ''),
(4419, 1020, ''),
(4420, 1020, ''),
(4421, 1020, ''),
(4422, 1020, ''),
(4423, 1020, ''),
(4424, 1020, ''),
(4425, 1020, ''),
(4426, 1020, ''),
(4427, 1020, ''),
(4428, 1020, ''),
(4429, 1020, ''),
(4430, 1020, ''),
(4431, 1020, ''),
(4432, 1020, ''),
(4433, 1020, ''),
(4434, 1020, ''),
(4435, 1020, ''),
(4436, 1020, ''),
(4437, 1020, ''),
(4438, 1021, ''),
(4439, 1021, ''),
(4440, 1021, ''),
(4441, 1021, ''),
(4442, 1021, ''),
(4443, 1021, ''),
(4444, 1021, ''),
(4445, 1021, ''),
(4446, 1021, ''),
(4447, 1021, ''),
(4448, 1021, ''),
(4449, 1021, ''),
(4450, 1021, ''),
(4451, 1021, ''),
(4452, 1021, ''),
(4453, 1021, ''),
(4454, 1021, ''),
(4455, 1021, ''),
(4456, 1021, ''),
(4457, 1021, ''),
(4458, 1021, ''),
(4459, 1021, ''),
(4460, 1021, ''),
(4461, 1022, ''),
(4462, 1022, ''),
(4463, 1022, ''),
(4464, 1022, ''),
(4465, 1022, ''),
(4466, 1022, ''),
(4467, 1022, ''),
(4468, 1022, ''),
(4469, 1022, ''),
(4470, 1022, ''),
(4471, 1022, ''),
(4472, 1022, ''),
(4473, 1022, ''),
(4474, 1022, ''),
(4475, 1022, ''),
(4476, 1022, ''),
(4477, 1022, ''),
(4478, 1022, ''),
(4479, 1022, ''),
(4480, 1022, ''),
(4481, 1022, ''),
(4482, 1022, ''),
(4483, 1022, ''),
(4484, 1023, ''),
(4485, 1023, ''),
(4486, 1023, ''),
(4487, 1023, ''),
(4488, 1023, ''),
(4490, 1023, ''),
(4491, 1023, ''),
(4492, 1023, ''),
(4493, 1023, ''),
(4494, 1023, ''),
(4495, 1023, ''),
(4496, 1023, ''),
(4498, 1023, ''),
(4499, 1023, ''),
(4500, 1023, ''),
(4501, 1023, ''),
(4502, 1023, ''),
(4503, 1023, ''),
(4504, 1023, ''),
(4505, 1023, ''),
(4506, 1023, ''),
(4507, 1024, ''),
(4508, 1024, ''),
(4509, 1024, ''),
(4510, 1024, ''),
(4511, 1024, ''),
(4512, 1024, ''),
(4513, 1024, ''),
(4514, 1024, ''),
(4515, 1024, ''),
(4516, 1024, ''),
(4517, 1024, ''),
(4518, 1024, ''),
(4519, 1024, ''),
(4520, 1024, ''),
(4521, 1024, ''),
(4522, 1024, ''),
(4523, 1024, ''),
(4524, 1024, ''),
(4525, 1024, ''),
(4526, 1024, ''),
(4527, 1024, ''),
(4528, 1024, ''),
(4529, 1024, ''),
(4530, 1024, ''),
(4531, 1024, ''),
(4532, 1025, ''),
(4533, 1025, ''),
(4534, 1025, ''),
(4535, 1025, ''),
(4536, 1025, ''),
(4537, 1025, ''),
(4538, 1025, ''),
(4539, 1025, ''),
(4540, 1025, ''),
(4541, 1025, ''),
(4542, 1025, ''),
(4543, 1025, ''),
(4544, 1025, ''),
(4545, 1025, ''),
(4912, 1011, ''),
(4914, 1011, ''),
(4915, 1011, ''),
(4917, 1011, ''),
(4918, 1011, ''),
(4919, 1011, ''),
(4920, 1011, ''),
(4921, 1011, ''),
(4922, 1011, ''),
(4923, 1011, ''),
(4924, 1011, ''),
(4925, 1011, ''),
(4926, 1011, ''),
(4927, 1011, ''),
(4928, 1011, ''),
(4929, 1011, ''),
(4967, 1022, ''),
(4984, 1007, ''),
(5009, 1014, ''),
(5017, 1003, ''),
(5024, 1009, ''),
(5052, 1011, ''),
(5073, 1020, ''),
(5074, 1020, ''),
(5076, 1009, ''),
(5081, 1009, ''),
(5087, 1004, ''),
(5088, 1011, ''),
(5095, 1016, ''),
(5107, 1015, ''),
(5116, 1003, ''),
(5117, 1004, ''),
(1035074, 1013, ''),
(1748298, 1012, ''),
(1765574, 1004, ''),
(1765609, 1023, ''),
(1766192, 1008, ''),
(1766197, 1013, ''),
(1766501, 1009, ''),
(1766729, 1009, ''),
(1766731, 1009, ''),
(1766761, 1010, '');

-- --------------------------------------------------------

--
-- Структура таблицы `city_language`
--

CREATE TABLE `city_language` (
  `city_id` int(11) UNSIGNED NOT NULL,
  `language` varchar(20) NOT NULL,
  `name_language` varchar(100) NOT NULL
) ENGINE=InnoDB DEFAULT CHARSET=utf8;

--
-- Дамп данных таблицы `city_language`
--

INSERT INTO `city_language` (`city_id`, `language`, `name_language`) VALUES
(3832, 'en', 'Bar'),
(3832, 'ua', 'Бар'),
(3833, 'en', 'Bershad'),
(3833, 'ua', 'Бершадь'),
(3834, 'en', 'Brailiv'),
(3834, 'ua', 'Браїлів'),
(3835, 'en', 'Bratslav'),
(3835, 'ua', 'Брацлав'),
(3836, 'en', 'Vapnyarka'),
(3836, 'ua', 'Вапнярка'),
(3837, 'en', 'Vendychany'),
(3837, 'ua', 'Вендичани'),
(3838, 'en', 'Vinnytsia'),
(3838, 'ua', 'Вінниця'),
(3839, 'en', 'Voronovytsia'),
(3839, 'ua', 'Вороновиця'),
(3840, 'en', 'Haisyn'),
(3840, 'ua', 'Гайсин'),
(3841, 'en', 'Hnivan'),
(3841, 'ua', 'Гнівань'),
(3842, 'en', 'Dashiv'),
(3842, 'ua', 'Дашів'),
(3843, 'en', 'Zhmerynka'),
(3843, 'ua', 'Жмеринка'),
(3844, 'en', 'Illintsi'),
(3844, 'ua', 'Іллінці'),
(3845, 'en', 'Koziatyn'),
(3845, 'ua', 'Козятин'),
(3846, 'en', 'Kalynivka'),
(3846, 'ua', 'Калинівка'),
(3847, 'en', 'Kryzhopil'),
(3847, 'ua', 'Крижопіль'),
(3848, 'en', 'Lypovets'),
(3848, 'ua', 'Липовець'),
(3849, 'en', 'Lityn'),
(3849, 'ua', 'Літин'),
(3850, 'en', 'Mohyliv-Podilskyi'),
(3850, 'ua', 'Могилів-Подільський'),
(3851, 'en', 'Murovani Kurylivtsi'),
(3851, 'ua', 'Муровані Курилівці'),
(3852, 'en', 'Nemyriv'),
(3852, 'ua', 'Немирів'),
(3853, 'en', 'Orativ'),
(3853, 'ua', 'Оратів'),
(3854, 'en', 'Pischanka'),
(3854, 'ua', 'Піщанка'),
(3855, 'en', 'Pohrebysche'),
(3855, 'ua', 'Погребище'),
(3856, 'en', 'Teplyk'),
(3856, 'ua', 'Теплик'),
(3857, 'en', 'Tomashpil'),
(3857, 'ua', 'Томашпіль'),
(3858, 'en', 'Trostyanets'),
(3858, 'ua', 'Тростянець'),
(3859, 'en', 'Tulchyn'),
(3859, 'ua', 'Тульчин'),
(3860, 'en', 'Tyvriv'),
(3860, 'ua', 'Тиврів'),
(3861, 'en', 'Khmilnyk'),
(3861, 'ua', 'Хмільник'),
(3862, 'en', 'Chechelnyk'),
(3862, 'ua', 'Чечельник'),
(3863, 'en', 'Shargorod'),
(3863, 'ua', 'Шаргород'),
(3864, 'en', 'Yampil'),
(3864, 'ua', 'Ямпіль'),
(3865, 'en', 'Berestechko'),
(3865, 'ua', 'Берестечко'),
(3866, 'en', 'Volodymyr-Volynskyi'),
(3866, 'ua', 'Володимир-Волинський'),
(3867, 'en', 'Holoby'),
(3867, 'ua', 'Голоби'),
(3868, 'en', 'Holovne'),
(3868, 'ua', 'Головне'),
(3869, 'en', 'Horokhiv'),
(3869, 'ua', 'Горохів'),
(3871, 'en', 'Ivanychi'),
(3871, 'ua', 'Іваничі'),
(3872, 'en', 'Kamin-Kashyrskyi'),
(3872, 'ua', 'Камінь-Каширський'),
(3873, 'en', 'Kivertsi'),
(3873, 'ua', 'Ківерці'),
(3874, 'en', 'Kovel'),
(3874, 'ua', 'Ковель'),
(3875, 'en', 'Lokachi'),
(3875, 'ua', 'Локачі'),
(3876, 'en', 'Lutsk'),
(3876, 'ua', 'Луцьк'),
(3877, 'en', 'Lyubeshiv'),
(3877, 'ua', 'Любешів'),
(3878, 'en', 'Liuboml'),
(3878, 'ua', 'Любомль'),
(3879, 'en', 'Manevychi'),
(3879, 'ua', 'Маневичі'),
(3880, 'en', 'Novovolynsk'),
(3880, 'ua', 'Нововолинськ'),
(3881, 'en', 'Ratne'),
(3881, 'ua', 'Ратне'),
(3882, 'en', 'Rozhysche'),
(3882, 'ua', 'Рожище'),
(3883, 'en', 'Stara Vyzhivka'),
(3883, 'ua', 'Стара Вижівка'),
(3884, 'en', 'Turiisk'),
(3884, 'ua', 'Турійськ'),
(3885, 'en', 'Apostolove'),
(3885, 'ua', 'Апостолове'),
(3886, 'en', 'Auly'),
(3886, 'ua', 'Аули'),
(3887, 'en', 'Brahynivka'),
(3887, 'ua', 'Брагинівка'),
(3888, 'en', 'Vasylkivka'),
(3888, 'ua', 'Васильківка'),
(3889, 'en', 'Verkhnyodniprovsk'),
(3889, 'ua', 'Верхньодніпровськ'),
(3890, 'en', 'Verkhivtseve'),
(3890, 'ua', 'Верхівцеве'),
(3891, 'en', 'Vilnohirsk'),
(3891, 'ua', 'Вільногірськ'),
(3892, 'en', 'Hvardiiske'),
(3892, 'ua', 'Гвардійське'),
(3894, 'en', 'Hubynykha'),
(3894, 'ua', 'Губиниха'),
(3895, 'en', 'Demuryne'),
(3895, 'ua', 'Демурине'),
(3896, 'en', 'Dniprodzerzhinsk'),
(3896, 'ua', 'Дніпродзержинськ'),
(3897, 'en', 'Dnipropetrovsk'),
(3897, 'ua', 'Дніпропетровськ'),
(3898, 'en', 'Zhovti Vody'),
(3898, 'ua', 'Жовті Води'),
(3900, 'en', 'Zelene'),
(3900, 'ua', 'Зелене'),
(3901, 'en', 'Ilarionove'),
(3901, 'ua', 'Іларіонове'),
(3902, 'en', 'Inhulets'),
(3902, 'ua', 'Інгулець'),
(3903, 'en', 'Kalynine'),
(3903, 'ua', 'Калиніне'),
(3904, 'en', 'Karnaukhivka'),
(3904, 'ua', 'Карнаухівка'),
(3905, 'en', 'Kryvyi Rih'),
(3905, 'ua', 'Кривий Ріг'),
(3906, 'en', 'Krynychky'),
(3906, 'ua', 'Кринички'),
(3907, 'en', 'Mahdalynivka'),
(3907, 'ua', 'Магдалинівка'),
(3908, 'en', 'Marhanets'),
(3908, 'ua', 'Марганець'),
(3909, 'en', 'Mezhova'),
(3909, 'ua', 'Межова'),
(3910, 'en', 'Nikopol'),
(3910, 'ua', 'Нікополь'),
(3911, 'en', 'Novomoskovsk'),
(3911, 'ua', 'Новомосковськ'),
(3912, 'en', 'Ordzhonikidze'),
(3912, 'ua', 'Орджонікідзе'),
(3913, 'en', 'Pavlohrad'),
(3913, 'ua', 'Павлоград'),
(3914, 'en', 'Petropavlivka'),
(3914, 'ua', 'Петропавлівка'),
(3915, 'en', 'Pokrovske'),
(3915, 'ua', 'Покровське'),
(3916, 'en', 'Pyatykhatky'),
(3916, 'ua', 'П&rsquo;ятихатки'),
(3917, 'en', 'Synelnykove'),
(3917, 'ua', 'Синельникове'),
(3918, 'en', 'Sofiivka'),
(3918, 'ua', 'Софіївка'),
(3919, 'en', 'Tomakivka'),
(3919, 'ua', 'Томаківка'),
(3920, 'en', 'Tsarychanka'),
(3920, 'ua', 'Царичанка'),
(3921, 'en', 'Shyroke'),
(3921, 'ua', 'Широке'),
(3922, 'en', 'Avdiivka'),
(3922, 'ua', 'Авдіївка'),
(3923, 'en', 'Oleksandrivka'),
(3923, 'ua', 'Олександрівка'),
(3924, 'en', 'Oleksievo-Druzhkivka'),
(3924, 'ua', 'Олексієво-Дружківка'),
(3925, 'en', 'Amvrosiivka'),
(3925, 'ua', 'Амвросіївка'),
(3926, 'en', 'Andriivka'),
(3926, 'ua', 'Андріївка'),
(3927, 'en', 'Artemove'),
(3927, 'ua', 'Артемове'),
(3928, 'en', 'Artemivsk'),
(3928, 'ua', 'Артемівськ'),
(3929, 'en', 'Bezimenne'),
(3929, 'ua', 'Безіменне'),
(3930, 'en', 'Bilenke'),
(3930, 'ua', 'Біленьке'),
(3932, 'en', 'Blahodatne'),
(3932, 'ua', 'Благодатне'),
(3933, 'en', 'Bylbasivka'),
(3933, 'ua', 'Билбасівка'),
(3934, 'en', 'Velyka Novosilka'),
(3934, 'ua', 'Велика Новосілка'),
(3935, 'en', 'Voikovskyi'),
(3935, 'ua', 'Войковський'),
(3936, 'en', 'Volnovakha'),
(3936, 'ua', 'Волноваха'),
(3937, 'en', 'Volodarske'),
(3937, 'ua', 'Володарське'),
(3939, 'en', 'Horbachevo-Mykhailivka'),
(3939, 'ua', 'Горбачево-Михайлівка'),
(3940, 'en', 'Horlivka'),
(3940, 'ua', 'Горлівка'),
(3941, 'en', 'Hrodivka'),
(3941, 'ua', 'Гродівка'),
(3942, 'en', 'Hruzko-Zoryanske'),
(3942, 'ua', 'Грузько-Зорянське'),
(3943, 'en', 'Debaltseve'),
(3943, 'ua', 'Дебальцеве'),
(3944, 'en', 'Dzerzhynsk'),
(3944, 'ua', 'Дзержинськ'),
(3945, 'en', 'Dymytrov'),
(3945, 'ua', 'Димитров'),
(3946, 'en', 'Dobropillya'),
(3946, 'ua', 'Добропілля'),
(3947, 'en', 'Dokuchaevsk'),
(3947, 'ua', 'Докучаєвськ'),
(3948, 'en', 'Donetsk'),
(3948, 'ua', 'Донецьк'),
(3949, 'en', 'Donetske'),
(3949, 'ua', 'Донецьке'),
(3950, 'en', 'Donske'),
(3950, 'ua', 'Донське'),
(3951, 'en', 'Drobysheve'),
(3951, 'ua', 'Дробишеве'),
(3952, 'en', 'Druzhkivka'),
(3952, 'ua', 'Дружківка'),
(3953, 'en', 'Yenakieve'),
(3953, 'ua', 'Єнакієве'),
(3955, 'en', 'Zhelanne'),
(3955, 'ua', 'Желанне'),
(3956, 'en', 'Zuhres'),
(3956, 'ua', 'Зугрес'),
(3957, 'en', 'Zuivka'),
(3957, 'ua', 'Зуївка'),
(3958, 'en', 'Ilovaisk'),
(3958, 'ua', 'Іловайськ'),
(3959, 'en', 'Soledar'),
(3959, 'ua', 'Соледар'),
(3960, 'en', 'Karlo-Marksove'),
(3960, 'ua', 'Карло-Марксове'),
(3961, 'en', 'Kirovsk'),
(3961, 'ua', 'Кировськ'),
(3962, 'en', 'Kramatorsk'),
(3962, 'ua', 'Краматорськ'),
(3963, 'en', 'Krasnoarmiisk'),
(3963, 'ua', 'Красноармійськ'),
(3964, 'en', 'Krasnyi Lyman'),
(3964, 'ua', 'Красний Лиман'),
(3965, 'en', 'Makiivka'),
(3965, 'ua', 'Макіївка'),
(3966, 'en', 'Mariupol'),
(3966, 'ua', 'Маріуполь'),
(3967, 'en', 'Marinka'),
(3967, 'ua', 'Мар&rsquo;їнка'),
(3968, 'en', 'Novoazovsk'),
(3968, 'ua', 'Новоазовськ'),
(3969, 'en', 'Novoekonomichne'),
(3969, 'ua', 'Новоекономічне'),
(3971, 'en', 'Selydove'),
(3971, 'ua', 'Селидове'),
(3972, 'en', 'Sloviansk'),
(3972, 'ua', 'Слов&rsquo;янськ'),
(3973, 'en', 'Snizhne'),
(3973, 'ua', 'Сніжне'),
(3974, 'en', 'Starobesheve'),
(3974, 'ua', 'Старобешеве'),
(3975, 'en', 'Telmanove'),
(3975, 'ua', 'Тельманове'),
(3976, 'en', 'Torez'),
(3976, 'ua', 'Торез'),
(3977, 'en', 'Khartsyzk'),
(3977, 'ua', 'Харцизьк'),
(3978, 'en', 'Shakhtarsk'),
(3978, 'ua', 'Шахтарськ'),
(3979, 'en', 'Yasynuvata'),
(3979, 'ua', 'Ясинувате'),
(3980, 'en', 'Andrushivka'),
(3980, 'ua', 'Андрушівка'),
(3981, 'en', 'Baranivka'),
(3981, 'ua', 'Баранівка'),
(3982, 'en', 'Bila Krynytsia'),
(3982, 'ua', 'Біла Криниця'),
(3983, 'en', 'Berdychiv'),
(3983, 'ua', 'Бердичів'),
(3984, 'en', 'Bronytska Huta'),
(3984, 'ua', 'Броницька Гута'),
(3985, 'en', 'Brusyliv'),
(3985, 'ua', 'Брусилів'),
(3986, 'en', 'Bykivka'),
(3986, 'ua', 'Биківка'),
(3987, 'en', 'Velyki Korovyntsi'),
(3987, 'ua', 'Великі Коровинці'),
(3988, 'en', 'Volodarsk-Volynskyi'),
(3988, 'ua', 'Володарськ-Волинський'),
(3989, 'en', 'Horodnytsia'),
(3989, 'ua', 'Городниця'),
(3990, 'en', 'Hryshkivtsi'),
(3990, 'ua', 'Гришківці'),
(3991, 'en', 'Dzerzhynsk'),
(3991, 'ua', 'Дзержинськ'),
(3992, 'en', 'Dovbysh'),
(3992, 'ua', 'Довбиш'),
(3993, 'en', 'Yemilchyne'),
(3993, 'ua', 'Ємільчине'),
(3994, 'en', 'Zhytomyr'),
(3994, 'ua', 'Житомир'),
(3995, 'en', 'Ivanopil'),
(3995, 'ua', 'Іванопіль'),
(3996, 'en', 'Kamyanyi Brid'),
(3996, 'ua', 'Кам&rsquo;яний Брід'),
(3997, 'en', 'Korosten'),
(3997, 'ua', 'Коростень'),
(3998, 'en', 'Korostyshiv'),
(3998, 'ua', 'Коростишів'),
(3999, 'en', 'Luhyny'),
(3999, 'ua', 'Лугини'),
(4000, 'en', 'Lyubar'),
(4000, 'ua', 'Любар'),
(4001, 'en', 'Malyn'),
(4001, 'ua', 'Малин'),
(4002, 'en', 'Narodychi'),
(4002, 'ua', 'Народичі'),
(4003, 'en', 'Novohrad-Volynskyi'),
(4003, 'ua', 'Новоград-Волинський'),
(4004, 'en', 'Ovruch'),
(4004, 'ua', 'Овруч'),
(4005, 'en', 'Olevsk'),
(4005, 'ua', 'Олевськ'),
(4006, 'en', 'Popelnya'),
(4006, 'ua', 'Попельня'),
(4007, 'en', 'Radomyshl'),
(4007, 'ua', 'Радомишль'),
(4008, 'en', 'Ruzhyn'),
(4008, 'ua', 'Ружин'),
(4009, 'en', 'Chervonoarmiisk'),
(4009, 'ua', 'Червоноармійськ'),
(4010, 'en', 'Cherniakhiv'),
(4010, 'ua', 'Черняхів'),
(4011, 'en', 'Chudniv'),
(4011, 'ua', 'Чуднів'),
(4012, 'en', 'Berehove'),
(4012, 'ua', 'Берегове'),
(4013, 'en', 'Bushtyno'),
(4013, 'ua', 'Буштино'),
(4014, 'en', 'Velykyi Bereznyi'),
(4014, 'ua', 'Великий Березний'),
(4015, 'en', 'Velykyi Bychkiv'),
(4015, 'ua', 'Великий Бичків'),
(4016, 'en', 'Vynohradiv'),
(4016, 'ua', 'Виноградів'),
(4017, 'en', 'Volovets'),
(4017, 'ua', 'Воловець'),
(4018, 'en', 'Irshava'),
(4018, 'ua', 'Іршава'),
(4019, 'en', 'Mizhhirya'),
(4019, 'ua', 'Міжгір&rsquo;я'),
(4020, 'en', 'Mukachevo'),
(4020, 'ua', 'Мукачеве'),
(4021, 'en', 'Perechyn'),
(4021, 'ua', 'Перечин'),
(4022, 'en', 'Rakhiv'),
(4022, 'ua', 'Рахів'),
(4023, 'en', 'Svalyava'),
(4023, 'ua', 'Свалява'),
(4024, 'en', 'Tiachiv'),
(4024, 'ua', 'Тячів'),
(4025, 'en', 'Uzhhorod'),
(4025, 'ua', 'Ужгород'),
(4026, 'en', 'Khust'),
(4026, 'ua', 'Хуст'),
(4027, 'en', 'Chop'),
(4027, 'ua', 'Чоп'),
(4028, 'en', 'Yakymivka'),
(4028, 'ua', 'Якимівка'),
(4029, 'en', 'Andriivka'),
(4029, 'ua', 'Андріївка'),
(4030, 'en', 'Balabyne'),
(4030, 'ua', 'Балабине'),
(4031, 'en', 'Berdyansk'),
(4031, 'ua', 'Бердянськ'),
(4032, 'en', 'Vasylivka'),
(4032, 'ua', 'Василівка'),
(4033, 'en', 'Vesele'),
(4033, 'ua', 'Веселе'),
(4034, 'en', 'Huliaipole'),
(4034, 'ua', 'Гуляйполе'),
(4035, 'en', 'Zaporizhia'),
(4035, 'ua', 'Запоріжжя'),
(4036, 'en', 'Kamianka-Dniprovska'),
(4036, 'ua', 'Кам&rsquo;янка-Дніпровська'),
(4037, 'en', 'Kamiane'),
(4037, 'ua', 'Кам&rsquo;яне'),
(4038, 'en', 'Komysh-Zoria'),
(4038, 'ua', 'Комиш-Зоря'),
(4039, 'en', 'Kuibysheve'),
(4039, 'ua', 'Куйбишеве'),
(4040, 'en', 'Melitopol'),
(4040, 'ua', 'Мелітополь'),
(4041, 'en', 'Myhailivka'),
(4041, 'ua', 'Михайлівка'),
(4042, 'en', 'Novomykolaivka'),
(4042, 'ua', 'Новомиколаївка'),
(4043, 'en', 'Orikhiv'),
(4043, 'ua', 'Оріхів'),
(4044, 'en', 'Polohy'),
(4044, 'ua', 'Пологи'),
(4045, 'en', 'Pryazovske'),
(4045, 'ua', 'Приазовське'),
(4046, 'en', 'Prymorsk'),
(4046, 'ua', 'Приморськ'),
(4047, 'en', 'Tokmak'),
(4047, 'ua', 'Токмак'),
(4048, 'en', 'Chernihivka'),
(4048, 'ua', 'Чернігівка'),
(4049, 'en', 'Bohorodchany'),
(4049, 'ua', 'Богородчани'),
(4050, 'en', 'Bolekhiv'),
(4050, 'ua', 'Болехів'),
(4051, 'en', 'Bilshivtsi'),
(4051, 'ua', 'Більшівці'),
(4052, 'en', 'Broshniv-Osada'),
(4052, 'ua', 'Брошнів-Осада'),
(4053, 'en', 'Bukachivtsi'),
(4053, 'ua', 'Букачівці'),
(4054, 'en', 'Burshtyn'),
(4054, 'ua', 'Бурштин'),
(4055, 'en', 'Bytkiv'),
(4055, 'ua', 'Битків'),
(4056, 'en', 'Verkhovyna'),
(4056, 'ua', 'Верховина'),
(4057, 'en', 'Voinyliv'),
(4057, 'ua', 'Войнилів'),
(4058, 'en', 'Vorokhta'),
(4058, 'ua', 'Ворохта'),
(4059, 'en', 'Vyhoda'),
(4059, 'ua', 'Вигода'),
(4060, 'en', 'Halych'),
(4060, 'ua', 'Галич'),
(4061, 'en', 'Hvozdets'),
(4061, 'ua', 'Гвоздець'),
(4062, 'en', 'Horodenka'),
(4062, 'ua', 'Городенка'),
(4063, 'en', 'Delyatyn'),
(4063, 'ua', 'Делятин'),
(4064, 'en', 'Yezupil'),
(4064, 'ua', 'Єзупіль'),
(4065, 'en', 'Zabolotiv'),
(4065, 'ua', 'Заболотів'),
(4066, 'en', 'Ivano-Frankivsk'),
(4066, 'ua', 'Івано-Франківськ'),
(4068, 'en', 'Kalush'),
(4068, 'ua', 'Калуш'),
(4069, 'en', 'Kolomyya'),
(4069, 'ua', 'Коломия'),
(4070, 'en', 'Kosiv'),
(4070, 'ua', 'Косів'),
(4071, 'en', 'Nadvirna'),
(4071, 'ua', 'Надвірна'),
(4072, 'en', 'Nadvirna'),
(4072, 'ua', 'Надвірна'),
(4073, 'en', 'Rohatyn'),
(4073, 'ua', 'Рогатин'),
(4074, 'en', 'Rozhnyativ'),
(4074, 'ua', 'Рожнятів'),
(4075, 'en', 'Snyatyn'),
(4075, 'ua', 'Снятин'),
(4076, 'en', 'Stanislaviv'),
(4076, 'ua', 'Станіславів'),
(4077, 'en', 'Tlumach'),
(4077, 'ua', 'Тлумач'),
(4078, 'en', 'Tysmenytsya'),
(4078, 'ua', 'Тисьмениця'),
(4079, 'en', 'Yaremche'),
(4079, 'ua', 'Яремче'),
(4080, 'en', 'Baryshivka'),
(4080, 'ua', 'Баришівка'),
(4081, 'en', 'Bila Tserkva'),
(4081, 'ua', 'Біла Церква'),
(4082, 'en', 'Berezan'),
(4082, 'ua', 'Березань'),
(4083, 'en', 'Bohuslav'),
(4083, 'ua', 'Богуслав'),
(4084, 'en', 'Boryspil'),
(4084, 'ua', 'Бориспіль'),
(4085, 'en', 'Borova'),
(4085, 'ua', 'Борова'),
(4086, 'en', 'Borodyanka'),
(4086, 'ua', 'Бородянка'),
(4087, 'en', 'Brovary'),
(4087, 'ua', 'Бровари'),
(4088, 'en', 'Vasylkiv'),
(4088, 'ua', 'Васильків'),
(4089, 'en', 'Volodarka'),
(4089, 'ua', 'Володарка'),
(4090, 'en', 'Vorzel'),
(4090, 'ua', 'Ворзель'),
(4091, 'en', 'Hrebinky'),
(4091, 'ua', 'Гребінки'),
(4092, 'en', 'Dymer'),
(4092, 'ua', 'Димер'),
(4093, 'en', 'Zghurivka'),
(4093, 'ua', 'Згурівка'),
(4094, 'en', 'Ivankiv'),
(4094, 'ua', 'Іванків'),
(4095, 'en', 'Irpin'),
(4095, 'ua', 'Ірпінь'),
(4096, 'en', 'Kaharlyk'),
(4096, 'ua', 'Кагарлик'),
(4097, 'en', 'Kalynivka '),
(4097, 'ua', 'Калинівка'),
(4098, 'en', 'Kiev'),
(4098, 'ua', 'Київ'),
(4100, 'en', 'Kodra'),
(4100, 'ua', 'Кодра'),
(4101, 'en', 'Kozhanka'),
(4101, 'ua', 'Кожанка'),
(4102, 'en', 'Kozyn'),
(4102, 'ua', 'Козин'),
(4103, 'en', 'Makariv'),
(4103, 'ua', 'Макарів'),
(4104, 'en', 'Obukhiv'),
(4104, 'ua', 'Обухів'),
(4105, 'en', 'Pereiaslav-Khmelnytskyi'),
(4105, 'ua', 'Переяслав-Хмельницький'),
(4106, 'en', 'Poliske'),
(4106, 'ua', 'Поліське'),
(4107, 'en', 'Rokytne'),
(4107, 'ua', 'Рокитне'),
(4108, 'en', 'Skvyra'),
(4108, 'ua', 'Сквира'),
(4109, 'en', 'Stavysche'),
(4109, 'ua', 'Ставище'),
(4110, 'en', 'Tarashcha'),
(4110, 'ua', 'Тараща'),
(4111, 'en', 'Tetiiv'),
(4111, 'ua', 'Тетіїв'),
(4112, 'en', 'Fastiv'),
(4112, 'ua', 'Фастів'),
(4113, 'en', 'Chornobyl'),
(4113, 'ua', 'Чорнобиль'),
(4114, 'en', 'Yahotyn'),
(4114, 'ua', 'Яготин'),
(4116, 'en', 'Oleksandriya'),
(4117, 'en', 'Bobrynets'),
(4118, 'en', 'Haivoron'),
(4119, 'en', 'Holovanivsk'),
(4120, 'en', 'Dobrovelychkivka'),
(4121, 'en', 'Dolynska'),
(4122, 'en', 'Yelizavethradka'),
(4123, 'en', 'Zavallya'),
(4124, 'en', 'Znamyanka'),
(4125, 'en', 'Znamyanka Druha'),
(4126, 'en', 'Kapitanivka'),
(4127, 'en', 'Kirovohrad'),
(4128, 'en', 'Kompaniivka'),
(4129, 'en', 'Mala Vyska'),
(4130, 'en', 'Novhorodka'),
(4131, 'en', 'Novoarkhanhelsk'),
(4132, 'en', 'Novomyrhorod'),
(4133, 'en', 'Novoukrainka'),
(4134, 'en', 'Vilshanka'),
(4135, 'en', 'Onufriivka'),
(4136, 'en', 'Petrove'),
(4137, 'en', 'Svitlovodsk'),
(4138, 'en', 'Ulyanovka'),
(4139, 'en', 'Ustynivka'),
(4141, 'en', 'Alupka'),
(4141, 'ua', 'Алупка'),
(4142, 'en', 'Alushta'),
(4142, 'ua', 'Алушта'),
(4143, 'en', 'Baherove'),
(4143, 'ua', 'Багерове'),
(4145, 'en', 'Bakhchysaray'),
(4145, 'ua', 'Бахчисарай'),
(4146, 'en', 'Bilohirsk'),
(4146, 'ua', 'Білогірськ'),
(4147, 'en', 'Gaspra'),
(4147, 'ua', 'Гаспра'),
(4148, 'en', 'Hvardiyske'),
(4148, 'ua', 'Гвардійське'),
(4149, 'en', 'Gurzuf'),
(4149, 'ua', 'Гурзуф'),
(4150, 'en', 'Dzhankoy'),
(4150, 'ua', 'Джанкой'),
(4151, 'en', 'Yevpatoria  '),
(4151, 'ua', 'Євпаторія'),
(4152, 'en', 'Zuya'),
(4152, 'ua', 'Зуя'),
(4153, 'en', 'Kerch'),
(4153, 'ua', 'Керч'),
(4155, 'en', 'Krasnogvardiyske'),
(4155, 'ua', 'Красногвардійське'),
(4156, 'en', 'Krasnoperekopsk'),
(4156, 'ua', 'Красноперекопськ'),
(4157, 'en', 'Lenine'),
(4157, 'ua', 'Леніне'),
(4158, 'en', 'Massandra'),
(4158, 'ua', 'Масандра'),
(4159, 'en', 'Nyzhnyohirskyi'),
(4159, 'ua', 'Нижньогірський'),
(4160, 'en', 'Pervomaiske'),
(4160, 'ua', 'Первомайське'),
(4162, 'en', 'Saky'),
(4162, 'ua', 'Саки'),
(4163, 'en', 'Sevastopol'),
(4163, 'ua', 'Севастополь'),
(4164, 'en', 'Simferopol'),
(4164, 'ua', 'Симферополь'),
(4165, 'en', 'Sovetskii'),
(4165, 'ua', 'Советський'),
(4166, 'en', 'Sudak'),
(4166, 'ua', 'Судак'),
(4167, 'en', 'Feodosiya'),
(4167, 'ua', 'Феодосія'),
(4168, 'en', 'Foros'),
(4168, 'ua', 'Форос'),
(4169, 'en', 'Chornomorske'),
(4169, 'ua', 'Чорноморське'),
(4170, 'en', 'Yalta'),
(4170, 'ua', 'Ялта'),
(4171, 'en', 'Oleksandrivsk'),
(4171, 'ua', 'Олександрівськ'),
(4172, 'en', 'Alchevsk'),
(4172, 'ua', 'Алчевськ'),
(4173, 'en', 'Antratsyt'),
(4173, 'ua', 'Антрацит'),
(4174, 'en', 'Artemivsk'),
(4174, 'ua', 'Артемівськ'),
(4175, 'en', 'Bairachky'),
(4175, 'ua', 'Байрачки'),
(4176, 'en', 'Bilovodsk'),
(4176, 'ua', 'Біловодськ'),
(4177, 'en', 'Bilohorivka'),
(4177, 'ua', 'Білогорівка'),
(4178, 'en', 'Bile'),
(4178, 'ua', 'Біле'),
(4179, 'en', 'Bilokurakyne'),
(4179, 'ua', 'Білокуракине'),
(4180, 'en', 'Bilolutsk'),
(4180, 'ua', 'Білолуцьк'),
(4181, 'en', 'Biryukovo'),
(4181, 'ua', 'Бірюково'),
(4182, 'en', 'Bokovo-Platove'),
(4182, 'ua', 'Боково-Платове'),
(4183, 'en', 'Borivske'),
(4183, 'ua', 'Борівське'),
(4184, 'en', 'Bryanka'),
(4184, 'ua', 'Брянка'),
(4185, 'en', 'Buhaivka'),
(4185, 'ua', 'Бугаївка'),
(4186, 'en', 'Vakhrusheve'),
(4186, 'ua', 'Вахрушеве'),
(4187, 'en', 'Velykyi Loh'),
(4187, 'ua', 'Великий Лог'),
(4188, 'en', 'Vergulivka'),
(4188, 'ua', 'Вергулівка'),
(4189, 'en', 'Volodarsk'),
(4189, 'ua', 'Володарськ'),
(4190, 'en', 'Vovchoyarivka'),
(4190, 'ua', 'Вовчоярівка'),
(4192, 'en', 'Vrubivka'),
(4192, 'ua', 'Врубівка'),
(4193, 'en', 'Vrubivskyi'),
(4193, 'ua', 'Врубівський'),
(4194, 'en', 'Heorhiivka'),
(4194, 'ua', 'Георгіївка'),
(4195, 'en', 'Hirske'),
(4195, 'ua', 'Гірське'),
(4196, 'en', 'Yesaulivka'),
(4196, 'ua', 'Єсаулівка'),
(4197, 'en', 'Zymohiria'),
(4197, 'ua', 'Зимогір&rsquo;я'),
(4198, 'en', 'Zolote'),
(4198, 'ua', 'Золоте'),
(4199, 'en', 'Zorynsk'),
(4199, 'ua', 'Зоринськ'),
(4200, 'en', 'Izvaryne'),
(4200, 'ua', 'Ізварине'),
(4201, 'en', 'Kalininskii'),
(4201, 'ua', 'Калінінський'),
(4202, 'en', 'Kalynove'),
(4202, 'ua', 'Калинове'),
(4204, 'en', 'Kirovsk'),
(4204, 'ua', 'Кіровськ'),
(4206, 'en', 'Krasnodon'),
(4206, 'ua', 'Краснодон'),
(4207, 'en', 'Krasnyi Luch'),
(4207, 'ua', 'Красний Луч'),
(4208, 'en', 'Kreminna'),
(4208, 'ua', 'Кремінна'),
(4209, 'en', 'Lysychansk'),
(4209, 'ua', 'Лисичанськ'),
(4210, 'en', 'Luhansk'),
(4210, 'ua', 'Луганськ'),
(4211, 'en', 'Lutuhyne'),
(4211, 'ua', 'Лутугине'),
(4212, 'en', 'Markivka'),
(4212, 'ua', 'Марківка'),
(4213, 'en', 'Milove'),
(4213, 'ua', 'Мілове'),
(4214, 'en', 'Novoaidar'),
(4214, 'ua', 'Новоайдар'),
(4215, 'en', 'Novopskov'),
(4215, 'ua', 'Новопсков'),
(4216, 'en', 'Pervomaisk'),
(4216, 'ua', 'Первомайськ'),
(4217, 'en', 'Perevalsk'),
(4217, 'ua', 'Перевальськ'),
(4218, 'en', 'Popasna'),
(4218, 'ua', 'Попасна'),
(4219, 'en', 'Rovenky'),
(4219, 'ua', 'Ровеньки'),
(4220, 'en', 'Rubizhne'),
(4220, 'ua', 'Рубіжне'),
(4221, 'en', 'Svatove'),
(4221, 'ua', 'Сватове'),
(4222, 'en', 'Sverdlovsk'),
(4222, 'ua', 'Свердловськ'),
(4223, 'en', 'Severodonetsk'),
(4223, 'ua', 'Сєвєродонецьк'),
(4224, 'en', 'Slovianoserbsk'),
(4224, 'ua', 'Слов&rsquo;яносербськ'),
(4225, 'en', 'Stanychno-Luhanske'),
(4225, 'ua', 'Станично-Луганське'),
(4226, 'en', 'Starobilsk'),
(4226, 'ua', 'Старобільськ'),
(4227, 'en', 'Stakhanov'),
(4227, 'ua', 'Стаханов'),
(4228, 'en', 'Troitske'),
(4228, 'ua', 'Троїцьке'),
(4229, 'en', 'Belz'),
(4229, 'ua', 'Белз'),
(4230, 'en', 'Bibrka'),
(4230, 'ua', 'Бібрка'),
(4231, 'en', 'Boryslav'),
(4231, 'ua', 'Борислав'),
(4232, 'en', 'Brody'),
(4232, 'ua', 'Броди'),
(4233, 'en', 'Busk'),
(4233, 'ua', 'Буськ'),
(4234, 'en', 'Velyki Mosty'),
(4234, 'ua', 'Великі Мости'),
(4235, 'en', 'Verhnye Synyovydne'),
(4235, 'ua', 'Верхнє Синьовидне'),
(4236, 'en', 'Vynnyky'),
(4236, 'ua', 'Винники'),
(4237, 'en', 'Hlynyany'),
(4237, 'ua', 'Глиняни'),
(4239, 'en', 'Dashava'),
(4239, 'ua', 'Дашава'),
(4240, 'en', 'Dobrotvir'),
(4240, 'ua', 'Добротвір'),
(4241, 'en', 'Drohobych'),
(4241, 'ua', 'Дрогобич'),
(4242, 'en', 'Zhydachiv'),
(4242, 'ua', 'Жидачів'),
(4244, 'en', 'Zolochiv'),
(4244, 'ua', 'Золочів'),
(4245, 'en', 'Ivano-Frankove'),
(4245, 'ua', 'Івано-Франкове'),
(4246, 'en', 'Kamianka-Buska'),
(4246, 'ua', 'Кам&rsquo;янка-Бузька'),
(4247, 'en', 'Lviv'),
(4247, 'ua', 'Львів'),
(4248, 'en', 'Mostyska'),
(4248, 'ua', 'Мостиська'),
(4249, 'en', 'Nesteriv'),
(4249, 'ua', 'Нестерів'),
(4250, 'en', 'Mykolaiv'),
(4250, 'ua', 'Миколаїв'),
(4251, 'en', 'Peremyshlyany'),
(4251, 'ua', 'Перемишляни'),
(4252, 'en', 'Pustomyty'),
(4252, 'ua', 'Пустомити'),
(4253, 'en', 'Rava-Ruska'),
(4253, 'ua', 'Рава-Руська'),
(4254, 'en', 'Radekhiv'),
(4254, 'ua', 'Радехів'),
(4255, 'en', 'Sambir'),
(4255, 'ua', 'Самбір'),
(4256, 'en', 'Skole'),
(4256, 'ua', 'Сколе'),
(4257, 'en', 'Sokal'),
(4257, 'ua', 'Сокаль'),
(4258, 'en', 'Staryi Sambir'),
(4258, 'ua', 'Старий Самбір'),
(4259, 'en', 'Stryi'),
(4259, 'ua', 'Стрий'),
(4260, 'en', 'Truskavets'),
(4260, 'ua', 'Трускавець'),
(4261, 'en', 'Turka'),
(4261, 'ua', 'Турка'),
(4262, 'en', 'Chervonograd'),
(4262, 'ua', 'Червоноград'),
(4263, 'en', 'Yavoriv'),
(4263, 'ua', 'Яворів'),
(4264, 'en', 'Oleksandrivka'),
(4264, 'ua', 'Олександрівка'),
(4265, 'en', 'Arbuzynka'),
(4265, 'ua', 'Арбузинка'),
(4266, 'en', 'Bashtanka'),
(4266, 'ua', 'Баштанка'),
(4267, 'en', 'Bereznehuvate'),
(4267, 'ua', 'Березнегувате'),
(4268, 'en', 'Bratske'),
(4268, 'ua', 'Братське'),
(4270, 'en', 'Veselinove'),
(4270, 'ua', 'Веселинове'),
(4271, 'en', 'Voznesensk'),
(4271, 'ua', 'Вознесенськ'),
(4272, 'en', 'Domanivka'),
(4272, 'ua', 'Доманівка'),
(4273, 'en', 'Yelanets'),
(4273, 'ua', 'Єланець'),
(4274, 'en', 'Kazanka'),
(4274, 'ua', 'Казанка'),
(4275, 'en', 'Kryve Ozero'),
(4275, 'ua', 'Криве Озеро'),
(4276, 'en', 'Mykolaiv'),
(4276, 'ua', 'Миколаїв'),
(4277, 'en', 'Nova Odesa'),
(4277, 'ua', 'Нова Одеса'),
(4278, 'en', 'Novyi Bug'),
(4278, 'ua', 'Новий Буг'),
(4279, 'en', 'Ochakiv'),
(4279, 'ua', 'Очаків'),
(4280, 'en', 'Pervomaisk'),
(4280, 'ua', 'Первомайськ'),
(4281, 'en', 'Snihurivka'),
(4281, 'ua', 'Снігурівка'),
(4282, 'en', 'Akkerman'),
(4282, 'ua', 'Аккерман'),
(4283, 'en', 'Ananiv'),
(4283, 'ua', 'Ананьїв'),
(4284, 'en', 'Artsyz'),
(4284, 'ua', 'Арциз'),
(4285, 'en', 'Balta'),
(4285, 'ua', 'Балта'),
(4286, 'en', 'Bilhorod-Dnistrovskyi'),
(4286, 'ua', 'Білгород-Дністровський'),
(4287, 'en', 'Bilyaivka'),
(4287, 'ua', 'Біляївка'),
(4288, 'en', 'Berezyne'),
(4288, 'ua', 'Березине'),
(4289, 'en', 'Berezivka'),
(4289, 'ua', 'Березівка'),
(4290, 'en', 'Bolhrad'),
(4290, 'ua', 'Болград'),
(4291, 'en', 'Borodine'),
(4291, 'ua', 'Бородине'),
(4292, 'en', 'Velyka Mykhailivka'),
(4292, 'ua', 'Велика Михайлівка'),
(4293, 'en', 'Velykodolynske'),
(4293, 'ua', 'Великодолинське'),
(4294, 'en', 'Vylkove'),
(4294, 'ua', 'Вилкове'),
(4295, 'en', 'Zatyshshya'),
(4295, 'ua', 'Затишшя'),
(4296, 'en', 'Izmail'),
(4296, 'ua', 'Ізмаїл'),
(4297, 'en', 'Illichivsk'),
(4297, 'ua', 'Іллічівськ'),
(4298, 'en', 'Kiliya'),
(4298, 'ua', 'Кілія'),
(4299, 'en', 'Kodyma'),
(4299, 'ua', 'Кодима'),
(4300, 'en', 'Kominternivske'),
(4300, 'ua', 'Комінтернівське'),
(4301, 'en', 'Kotovsk'),
(4301, 'ua', 'Котовськ'),
(4302, 'en', 'Krasni Okny'),
(4302, 'ua', 'Красні Окни'),
(4303, 'en', 'Lyubashivka'),
(4303, 'ua', 'Любашівка'),
(4304, 'en', 'Mykolaivka'),
(4304, 'ua', 'Миколаївка'),
(4305, 'en', 'Ovidiopol'),
(4305, 'ua', 'Овідіополь'),
(4306, 'en', 'Odessa'),
(4306, 'ua', 'Одеса'),
(4307, 'en', 'Rozdilna'),
(4307, 'ua', 'Роздільна'),
(4308, 'en', 'Reni'),
(4308, 'ua', 'Рені'),
(4309, 'en', 'Savran'),
(4309, 'ua', 'Саврань'),
(4310, 'en', 'Sarata'),
(4310, 'ua', 'Сарата'),
(4311, 'en', 'Tarutyne'),
(4311, 'ua', 'Тарутине'),
(4312, 'en', 'Tatarbunary'),
(4312, 'ua', 'Татарбунари'),
(4313, 'en', 'Frunzivka'),
(4313, 'ua', 'Фрунзівка'),
(4314, 'en', 'Shyryaeve'),
(4314, 'ua', 'Ширяєве'),
(4315, 'en', 'Bilyky'),
(4315, 'ua', 'Білики'),
(4316, 'en', 'Velyka Bahachka'),
(4316, 'ua', 'Велика Багачка'),
(4317, 'en', 'Hadyach'),
(4317, 'ua', 'Гадяч'),
(4318, 'en', 'Hlobyne'),
(4318, 'ua', 'Глобине'),
(4319, 'en', 'Hoholeve'),
(4319, 'ua', 'Гоголеве'),
(4320, 'en', 'Hradizhsk'),
(4320, 'ua', 'Градіжск'),
(4321, 'en', 'Hrebinka'),
(4321, 'ua', 'Гребінка'),
(4322, 'en', 'Dykanka'),
(4322, 'ua', 'Диканька'),
(4324, 'en', 'Karlivka'),
(4324, 'ua', 'Карлівка'),
(4325, 'en', 'Kobelyaky'),
(4325, 'ua', 'Кобеляки'),
(4326, 'en', 'Kozelshchyna'),
(4326, 'ua', 'Козельщина'),
(4327, 'en', 'Kotelva'),
(4327, 'ua', 'Котельва'),
(4328, 'en', 'Kremenchuk'),
(4328, 'ua', 'Кременчук'),
(4329, 'en', 'Lokhvytsya'),
(4329, 'ua', 'Лохвиця'),
(4330, 'en', 'Lubny'),
(4330, 'ua', 'Лубни'),
(4331, 'en', 'Mashivka'),
(4331, 'ua', 'Машівка'),
(4332, 'en', 'Myrhorod'),
(4332, 'ua', 'Миргород'),
(4333, 'en', 'Novi Sanzhary'),
(4333, 'ua', 'Нові Санжари'),
(4334, 'en', 'Orzhytsya'),
(4334, 'ua', 'Оржиця'),
(4335, 'en', 'Pyryantyn'),
(4335, 'ua', 'Пирянтин'),
(4336, 'en', 'Pyryatyn'),
(4336, 'ua', 'Пирятин'),
(4337, 'en', 'Poltava'),
(4337, 'ua', 'Полтава'),
(4338, 'en', 'Reshetylivka'),
(4338, 'ua', 'Решетилівка'),
(4339, 'en', 'Semenivka'),
(4339, 'ua', 'Семенівка'),
(4340, 'en', 'Khorol'),
(4340, 'ua', 'Хорол'),
(4341, 'en', 'Chornukhy'),
(4341, 'ua', 'Чорнухи'),
(4342, 'en', 'Chutove'),
(4342, 'ua', 'Чутове'),
(4343, 'en', 'Shyshaky'),
(4343, 'ua', 'Шишаки'),
(4344, 'en', 'Volodymyrets'),
(4344, 'ua', 'Володимирець'),
(4345, 'en', 'Hoshcha'),
(4345, 'ua', 'Гоща'),
(4346, 'en', 'Demydivka'),
(4346, 'ua', 'Демидівка'),
(4347, 'en', 'Dubno'),
(4347, 'ua', 'Дубно'),
(4348, 'en', 'Dubrovytsya'),
(4348, 'ua', 'Дубровиця'),
(4349, 'en', 'Zarichne'),
(4349, 'ua', 'Зарічне'),
(4350, 'en', 'Zdolbuniv'),
(4350, 'ua', 'Здолбунів'),
(4351, 'en', 'Klevan'),
(4351, 'ua', 'Клевань'),
(4352, 'en', 'Klesiv'),
(4352, 'ua', 'Клесів'),
(4353, 'en', 'Korets'),
(4353, 'ua', 'Корець'),
(4354, 'en', 'Kostopil'),
(4354, 'ua', 'Костопіль'),
(4355, 'en', 'Kuznetsovsk'),
(4355, 'ua', 'Кузнецовськ'),
(4356, 'en', 'Mlyniv'),
(4356, 'ua', 'Млинів'),
(4357, 'en', 'Ostroh'),
(4357, 'ua', 'Острог'),
(4358, 'en', 'Rivne'),
(4358, 'ua', 'Рівне'),
(4359, 'en', 'Sarny'),
(4359, 'ua', 'Сарни'),
(4360, 'en', 'Chervonoarmiysk'),
(4360, 'ua', 'Червоноармійськ'),
(4361, 'en', 'Okhtyrka'),
(4361, 'ua', 'Охтирка'),
(4362, 'en', 'Bilopillya'),
(4362, 'ua', 'Білопілля'),
(4363, 'en', 'Buryn'),
(4363, 'ua', 'Буринь'),
(4364, 'en', 'Velyka Pysarivka'),
(4364, 'ua', 'Велика Писарівка'),
(4365, 'en', 'Vorozhba'),
(4365, 'ua', 'Ворожба'),
(4366, 'en', 'Voronizh'),
(4366, 'ua', 'Вороніж'),
(4367, 'en', 'Hlukhiv'),
(4367, 'ua', 'Глухів'),
(4368, 'en', 'Druzhba'),
(4368, 'ua', 'Дружба'),
(4369, 'en', 'Znob-Novgorodske'),
(4369, 'ua', 'Зноб-Новгородське'),
(4370, 'en', 'Kyrykivka'),
(4370, 'ua', 'Кириківка'),
(4371, 'en', 'Konotop'),
(4371, 'ua', 'Конотоп'),
(4372, 'en', 'Krasnopillya'),
(4372, 'ua', 'Краснопілля'),
(4373, 'en', 'Krovelets'),
(4373, 'ua', 'Кровелець'),
(4374, 'en', 'Lebedyn'),
(4374, 'ua', 'Лебедин'),
(4375, 'en', 'Lypova Dolyna'),
(4375, 'ua', 'Липова Долина'),
(4376, 'en', 'Nedryhailiv'),
(4376, 'ua', 'Недригайлів'),
(4377, 'en', 'Putivl'),
(4377, 'ua', 'Путивль'),
(4378, 'en', 'Romny'),
(4378, 'ua', 'Ромни'),
(4379, 'en', 'Seredyna-Buda'),
(4379, 'ua', 'Середина-Буда'),
(4380, 'en', 'Sumy'),
(4380, 'ua', 'Суми'),
(4381, 'en', 'Trostyanets'),
(4381, 'ua', 'Тростянець'),
(4382, 'en', 'Shostka'),
(4382, 'ua', 'Шостка'),
(4384, 'en', 'Yampil'),
(4384, 'ua', 'Ямпіль'),
(4385, 'en', 'Berezhany'),
(4385, 'ua', 'Бережани'),
(4386, 'en', 'Borshchiv'),
(4386, 'ua', 'Борщів'),
(4387, 'en', 'Buchach'),
(4387, 'ua', 'Бучач'),
(4388, 'en', 'Velyki Birky'),
(4388, 'ua', 'Великі Бірки'),
(4389, 'en', 'Vyshnivets'),
(4389, 'ua', 'Вишнівець'),
(4390, 'en', 'Hrymailiv'),
(4390, 'ua', 'Гримайлів'),
(4391, 'en', 'Husiatyn'),
(4391, 'ua', 'Гусятин'),
(4392, 'en', 'Zalishchyky'),
(4392, 'ua', 'Заліщики'),
(4393, 'en', 'Zaliztsi'),
(4393, 'ua', 'Залізці'),
(4394, 'en', 'Zbarazh'),
(4394, 'ua', 'Збараж'),
(4395, 'en', 'Zboriv'),
(4395, 'ua', 'Зборів'),
(4396, 'en', 'Zolotnyky'),
(4396, 'ua', 'Золотники'),
(4397, 'en', 'Zolotyi potik'),
(4397, 'ua', 'Золотий потік'),
(4398, 'en', 'Kozliv'),
(4398, 'ua', 'Козлів'),
(4399, 'en', 'Kozova'),
(4399, 'ua', 'Козова'),
(4400, 'en', 'Kremenets'),
(4400, 'ua', 'Кременець'),
(4401, 'en', 'Lanivtsi'),
(4401, 'ua', 'Ланівці'),
(4402, 'en', 'Monastyriska'),
(4402, 'ua', 'Монастиріська'),
(4403, 'en', 'Pidvolochysk'),
(4403, 'ua', 'Підволочиськ'),
(4404, 'en', 'Terebovlya'),
(4404, 'ua', 'Теребовля'),
(4405, 'en', 'Ternopil'),
(4405, 'ua', 'Тернопіль'),
(4406, 'en', 'Chortkiv'),
(4406, 'ua', 'Чортків'),
(4407, 'en', 'Shumsk'),
(4407, 'ua', 'Шумськ'),
(4408, 'en', 'Balakliya'),
(4408, 'ua', 'Балаклія'),
(4409, 'en', 'Barvinkove'),
(4409, 'ua', 'Барвінкове'),
(4410, 'en', 'Blyznyuky'),
(4410, 'ua', 'Близнюки'),
(4411, 'en', 'Bohodukhiv'),
(4411, 'ua', 'Богодухів'),
(4412, 'en', 'Birky'),
(4412, 'ua', 'Бірки'),
(4413, 'en', 'Borova'),
(4413, 'ua', 'Борова'),
(4414, 'en', 'Budy'),
(4414, 'ua', 'Буди'),
(4415, 'en', 'Valky'),
(4415, 'ua', 'Валки'),
(4416, 'en', 'Velykyi Burluk'),
(4416, 'ua', 'Великий Бурлук'),
(4417, 'en', 'Vovchansk'),
(4417, 'ua', 'Вовчанськ'),
(4418, 'en', 'Zmiiv'),
(4418, 'ua', 'Зміїв'),
(4419, 'en', 'Huty'),
(4419, 'ua', 'Гути'),
(4420, 'en', 'Derhachi'),
(4420, 'ua', 'Дергачі'),
(4421, 'en', 'Zachepylivka'),
(4421, 'ua', 'Зачепилівка'),
(4422, 'en', 'Zidky'),
(4422, 'ua', 'Зідьки'),
(4423, 'en', 'Zolochiv'),
(4423, 'ua', 'Золочів'),
(4424, 'en', 'Izyum'),
(4424, 'ua', 'Ізюм'),
(4425, 'en', 'Kozacha Lopan'),
(4425, 'ua', 'Козача Лопань'),
(4426, 'en', 'Kehychivka'),
(4426, 'ua', 'Кегичівка'),
(4427, 'en', 'Krasnohrad'),
(4427, 'ua', 'Красноград'),
(4428, 'en', 'Krasnokutsk'),
(4428, 'ua', 'Краснокутськ'),
(4429, 'en', 'Kupyansk'),
(4429, 'ua', 'Куп&rsquo;янськ'),
(4430, 'en', 'Lozova'),
(4430, 'ua', 'Лозова'),
(4431, 'en', 'Lyubotyn'),
(4431, 'ua', 'Люботин'),
(4432, 'en', 'Nova Vodolaha'),
(4432, 'ua', 'Нова Водолага'),
(4433, 'en', 'Pervomaiskyi'),
(4433, 'ua', 'Первомайський'),
(4434, 'en', 'Sakhnovshchyna'),
(4434, 'ua', 'Сахновщина'),
(4435, 'en', 'Kharkiv'),
(4435, 'ua', 'Харків'),
(4436, 'en', 'Chuhuiv'),
(4436, 'ua', 'Чугуїв'),
(4437, 'en', 'Shevchenkovo'),
(4437, 'ua', 'Шевченково'),
(4438, 'en', 'Askania-Nova'),
(4438, 'ua', 'Асканія-Нова'),
(4439, 'en', 'Bila Krynytsia'),
(4439, 'ua', 'Біла Криниця'),
(4440, 'en', 'Bilozerka'),
(4440, 'ua', 'Білозерка'),
(4441, 'en', 'Beryslav'),
(4441, 'ua', 'Берислав'),
(4442, 'en', 'Velyka Oleksandrivka'),
(4442, 'ua', 'Велика Олександрівка'),
(4443, 'en', 'Velyka Lepetykha'),
(4443, 'ua', 'Велика Лепетиха'),
(4444, 'en', 'Verkhnii Rohachyk'),
(4444, 'ua', 'Верхній Рогачик'),
(4445, 'en', 'Vysokopillya'),
(4445, 'ua', 'Високопілля'),
(4446, 'en', 'Henichesk'),
(4446, 'ua', 'Геніческ'),
(4447, 'en', 'Hola Prystan'),
(4447, 'ua', 'Гола Пристань'),
(4448, 'en', 'Hornostaivka'),
(4448, 'ua', 'Горностаївка'),
(4449, 'en', 'Dnipryany'),
(4449, 'ua', 'Дніпряни'),
(4450, 'en', 'Kalanchak'),
(4450, 'ua', 'Каланчак'),
(4451, 'en', 'Kalininske'),
(4451, 'ua', 'Калініське'),
(4452, 'en', 'Kakhovka'),
(4452, 'ua', 'Каховка'),
(4453, 'en', 'Nyzhni Sirohozy'),
(4453, 'ua', 'Нижні Сірогози'),
(4454, 'en', 'Nova Kakhovka'),
(4454, 'ua', 'Нова Каховка'),
(4455, 'en', 'Novovorontsovka'),
(4455, 'ua', 'Нововоронцовка'),
(4456, 'en', 'Novotroitske'),
(4456, 'ua', 'Новотроїцьке'),
(4457, 'en', 'Skadovsk'),
(4457, 'ua', 'Скадовськ'),
(4458, 'en', 'Herson'),
(4458, 'ua', 'Херсон'),
(4459, 'en', 'Tsyurupynsk'),
(4459, 'ua', 'Цурюпинськ'),
(4460, 'en', 'Chaplynka'),
(4460, 'ua', 'Чаплинка'),
(4461, 'en', 'Antoniny'),
(4461, 'ua', 'Антоніни'),
(4462, 'en', 'Bazaliya'),
(4462, 'ua', 'Базалія'),
(4463, 'en', 'Bilohirrya'),
(4463, 'ua', 'Білогірря'),
(4464, 'en', 'Vinkivtsi'),
(4464, 'ua', 'Віньківці'),
(4465, 'en', 'Volochysk'),
(4465, 'ua', 'Волочиськ'),
(4466, 'en', 'Horodok'),
(4466, 'ua', 'Городок'),
(4467, 'en', 'Hrytsiv'),
(4467, 'ua', 'Гриців'),
(4468, 'en', 'Derazhnya'),
(4468, 'ua', 'Деражня'),
(4469, 'en', 'Dunaivtsi'),
(4469, 'ua', 'Дунаївці'),
(4470, 'en', 'Izyaslav'),
(4470, 'ua', 'Ізяслав'),
(4471, 'en', 'Kamyanets-Podilskyi'),
(4471, 'ua', 'Кам&rsquo;янець-Подільський'),
(4472, 'en', 'Krasyliv'),
(4472, 'ua', 'Красилів'),
(4473, 'en', 'Letychiv'),
(4473, 'ua', 'Летичів'),
(4474, 'en', 'Nova Ushytsya'),
(4474, 'ua', 'Нова Ушиця'),
(4475, 'en', 'Polonne'),
(4475, 'ua', 'Полонне'),
(4476, 'en', 'Slavuta'),
(4476, 'ua', 'Славута'),
(4477, 'en', 'Stara Synyavka'),
(4477, 'ua', 'Стара Синявка'),
(4478, 'en', 'Starokostyantyniv'),
(4478, 'ua', 'Старокостянтинів'),
(4479, 'en', 'Teofipol'),
(4479, 'ua', 'Теофіполь'),
(4480, 'en', 'Khmelnytskyi'),
(4480, 'ua', 'Хмельницький'),
(4481, 'en', 'Chemerivtsi'),
(4481, 'ua', 'Чемерівці'),
(4482, 'en', 'Shepetivka'),
(4482, 'ua', 'Шепетівка'),
(4483, 'en', 'Yarmolyntsi'),
(4483, 'ua', 'Ярмолинці'),
(4484, 'en', 'Vatutine'),
(4484, 'ua', 'Ватутіне'),
(4485, 'en', 'Horodyshche'),
(4485, 'ua', 'Городище'),
(4486, 'en', 'Drabiv'),
(4486, 'ua', 'Драбів'),
(4487, 'en', 'Yerky'),
(4487, 'ua', 'Єрки'),
(4488, 'en', 'Zhashkiv'),
(4488, 'ua', 'Жашків'),
(4490, 'en', 'Zvenyhorodka'),
(4490, 'ua', 'Звенигородка'),
(4491, 'en', 'Zolotonosha'),
(4491, 'ua', 'Золотоноша'),
(4492, 'en', 'Irdyn'),
(4492, 'ua', 'Ірдинь'),
(4493, 'en', 'Kamyanka'),
(4493, 'ua', 'Кам&rsquo;янка'),
(4494, 'en', 'Katerynopil'),
(4494, 'ua', 'Катеринопіль'),
(4495, 'en', 'Korsun-Shevchenkivskyi'),
(4495, 'ua', 'Корсунь-Шевченківський'),
(4496, 'en', 'Lysyanka'),
(4496, 'ua', 'Лисянка'),
(4498, 'en', 'Monastyryshche'),
(4498, 'ua', 'Монастирище'),
(4499, 'en', 'Smila'),
(4499, 'ua', 'Сміла'),
(4500, 'en', 'Talne'),
(4500, 'ua', 'Тальне'),
(4501, 'en', 'Uman'),
(4501, 'ua', 'Умань'),
(4502, 'en', 'Khrystynivka'),
(4502, 'ua', 'Христинівка'),
(4503, 'en', 'Cherkasy'),
(4503, 'ua', 'Черкаси'),
(4504, 'en', 'Chornobai'),
(4504, 'ua', 'Чорнобай'),
(4505, 'en', 'Chyhyryn'),
(4505, 'ua', 'Чигирин'),
(4506, 'en', 'Shpola'),
(4506, 'ua', 'Шпола'),
(4507, 'en', 'Baturyn'),
(4507, 'ua', 'Батурин'),
(4508, 'en', 'Bakhmach'),
(4508, 'ua', 'Бахмач'),
(4509, 'en', 'Berezna'),
(4509, 'ua', 'Березна'),
(4510, 'en', 'Bobrovytsya'),
(4510, 'ua', 'Бобровиця'),
(4511, 'en', 'Borzna'),
(4511, 'ua', 'Борзна'),
(4512, 'en', 'Varva'),
(4512, 'ua', 'Варва'),
(4513, 'en', 'Vertiivka'),
(4513, 'ua', 'Вертіївка'),
(4514, 'en', 'Horodnya'),
(4514, 'ua', 'Городня'),
(4515, 'en', 'Zamhlai'),
(4515, 'ua', 'Замглай'),
(4516, 'en', 'Ichnya'),
(4516, 'ua', 'Ічня'),
(4517, 'en', 'Kozelets'),
(4517, 'ua', 'Козелець'),
(4518, 'en', 'Korop'),
(4518, 'ua', 'Короп'),
(4519, 'en', 'Koryukivka'),
(4519, 'ua', 'Корюківка'),
(4520, 'en', 'Kulykivka'),
(4520, 'ua', 'Куликівка'),
(4521, 'en', 'Mena'),
(4521, 'ua', 'Мена'),
(4522, 'en', 'Nizhyn'),
(4522, 'ua', 'Ніжин'),
(4523, 'en', 'Novhorod-Siverskyi'),
(4523, 'ua', 'Новгород-Сіверський'),
(4524, 'en', 'Nosivka'),
(4524, 'ua', 'Носівка'),
(4525, 'en', 'Pryluky'),
(4525, 'ua', 'Прилуки'),
(4526, 'en', 'Ripky'),
(4526, 'ua', 'Ріпки'),
(4527, 'en', 'Semenivka'),
(4527, 'ua', 'Семенівка'),
(4528, 'en', 'Sosnytsya'),
(4528, 'ua', 'Сосниця'),
(4529, 'en', 'Talalaivka'),
(4529, 'ua', 'Талалаївка'),
(4530, 'en', 'Chernigov'),
(4530, 'ua', 'Чернігів'),
(4531, 'en', 'Shchors'),
(4531, 'ua', 'Щорс'),
(4532, 'en', 'Berehomet'),
(4532, 'ua', 'Берегомет'),
(4533, 'en', 'Vashkivtsi'),
(4533, 'ua', 'Вашківці'),
(4534, 'en', 'Vyzhnytsia'),
(4534, 'ua', 'Вижниця'),
(4535, 'en', 'Hertsa'),
(4535, 'ua', 'Герца'),
(4536, 'en', 'Hlyboka'),
(4536, 'ua', 'Глибока'),
(4537, 'en', 'Zastavna'),
(4537, 'ua', 'Заставна'),
(4538, 'en', 'Kelmentsi'),
(4538, 'ua', 'Кельменці'),
(4539, 'en', 'Kitsman'),
(4539, 'ua', 'Кіцмань'),
(4540, 'en', 'Novoselytsia'),
(4540, 'ua', 'Новоселиця'),
(4541, 'en', 'Putyla'),
(4541, 'ua', 'Путила'),
(4542, 'en', 'Sokyryany'),
(4542, 'ua', 'Сокиряни'),
(4543, 'en', 'Storozhynets'),
(4543, 'ua', 'Сторожинець'),
(4544, 'en', 'Khotyn'),
(4544, 'ua', 'Хотин'),
(4545, 'en', 'Chernivtsi'),
(4545, 'ua', 'Чернівці'),
(4912, 'en', 'Armyansk'),
(4912, 'ua', 'Армянськ'),
(4914, 'en', 'Berehove'),
(4914, 'ua', 'Берегове'),
(4915, 'en', 'Botanichne'),
(4915, 'ua', 'Ботанічне'),
(4917, 'en', 'Katsiveli'),
(4917, 'ua', 'Кацивелі'),
(4918, 'en', 'Koreiz'),
(4918, 'ua', 'Кореїз'),
(4919, 'en', 'Krasnogvardiysk'),
(4919, 'ua', 'Красногвардійськ'),
(4920, 'en', 'Krasnokamyanka'),
(4920, 'ua', 'Краснокам&rsquo;янка'),
(4921, 'en', 'Kurpaty'),
(4921, 'ua', 'Курпати'),
(4922, 'en', 'Livadiya'),
(4922, 'ua', 'Лівадія'),
(4923, 'en', 'Miskhor'),
(4923, 'ua', 'Місхор'),
(4924, 'en', 'Olyva'),
(4924, 'ua', 'Олива'),
(4925, 'en', 'Opolzneve'),
(4925, 'ua', 'Оползневе'),
(4926, 'en', 'Parkove'),
(4926, 'ua', 'Паркове'),
(4927, 'en', 'Ponyzivka'),
(4927, 'ua', 'Понизівка'),
(4928, 'en', 'Sanatorne'),
(4928, 'ua', 'Санаторне'),
(4929, 'en', 'Simeiz'),
(4929, 'ua', 'Сімеїз'),
(4967, 'en', 'Netishyn'),
(4967, 'ua', 'Нетішин'),
(4984, 'en', 'Enerhodar'),
(4984, 'ua', 'Енергодар'),
(5009, 'en', 'Yuzhnoukrainsk'),
(5009, 'ua', 'Южноукраїнськ'),
(5017, 'en', 'Pershotravensk'),
(5017, 'ua', 'Першотравенськ'),
(5024, 'en', 'Slavutych'),
(5024, 'ua', 'Славутич'),
(5052, 'en', 'Shcholkine'),
(5052, 'ua', 'Щолкіне'),
(5073, 'en', 'Merefa'),
(5073, 'ua', 'Мерефа'),
(5074, 'en', 'Pisochyn'),
(5074, 'ua', 'Пісочин'),
(5076, 'en', 'Vyshhorod'),
(5076, 'ua', 'Вишгород'),
(5081, 'en', 'Boyarka'),
(5081, 'ua', 'Боярка'),
(5087, 'en', 'Kostiantynivka'),
(5087, 'ua', 'Костянтинівка'),
(5088, 'en', 'Armyansk'),
(5088, 'ua', 'Армянськ'),
(5095, 'en', 'Komsomolsk'),
(5095, 'ua', 'Комсомольськ'),
(5107, 'en', 'Yuzhne'),
(5107, 'ua', 'Южне'),
(5116, 'en', 'Zelenodolsk'),
(5116, 'ua', 'Зеленодольськ'),
(5117, 'en', 'Vuhledar'),
(5117, 'ua', 'Вугледар'),
(1035074, 'en', 'Лопушанка'),
(1035074, 'ua', 'Лопушанка'),
(1748298, 'en', 'Краснодарський'),
(1748298, 'ua', 'Краснодарський'),
(1765574, 'en', 'Makiivka'),
(1765574, 'ua', 'Макіївка'),
(1765609, 'en', 'Kizliv'),
(1765609, 'ua', 'Кизлiв'),
(1766192, 'en', 'Dolyna'),
(1766192, 'ua', 'Долина'),
(1766197, 'en', 'Novoyavorivsk'),
(1766197, 'ua', 'Новояворівськ'),
(1766501, 'en', 'Вишневое'),
(1766501, 'ua', 'Вишневое'),
(1766729, 'en', 'Вишневое'),
(1766729, 'ua', 'Вишневое'),
(1766731, 'en', 'Вишневое'),
(1766731, 'ua', 'Вишневое'),
(1766761, 'en', 'Александровка');

-- --------------------------------------------------------

--
-- Структура таблицы `continent`
--

CREATE TABLE `continent` (
  `continent_id` int(11) NOT NULL,
  `code` char(2) NOT NULL COMMENT 'Continent code',
  `name` varchar(255) DEFAULT NULL,
  `description` text NOT NULL
) ENGINE=InnoDB DEFAULT CHARSET=utf8 ROW_FORMAT=COMPACT;

--
-- Дамп данных таблицы `continent`
--

INSERT INTO `continent` (`continent_id`, `code`, `name`, `description`) VALUES
(1, 'AF', 'Africa', 'The world\'s second largest and second most-populous continent (the first being Asia in both categories)'),
(2, 'AN', 'Antarctica', 'Earth\'s southernmost continent. It contains the geographic South Pole and is situated in the Antarctic region of the Southern Hemisphere'),
(3, 'AS', 'Asia', 'Earth\'s largest and most populous continent, located primarily in the Eastern and Northern Hemispheres'),
(4, 'EU', 'Europe1', 'A continent located entirely in the Northern Hemisphere and mostly in the Eastern Hemisphere'),
(5, 'NA', 'North America', 'A continent entirely within the Northern Hemisphere and almost all within the Western Hemisphere'),
(6, 'OC', 'Oceania', 'A continent comprising mainland Australia, Tasmania, New Guinea, Seram, possibly Timor, and neighbouring islands'),
(7, 'SA', 'South America', 'A continent located in the western hemisphere, mostly in the southern hemisphere, with a relatively small portion in the northern hemisphere');

-- --------------------------------------------------------

--
-- Структура таблицы `country`
--

CREATE TABLE `country` (
  `country_id` int(11) NOT NULL,
  `code` char(2) NOT NULL COMMENT 'Two-letter country code (ISO 3166-1 alpha-2)',
  `name` varchar(64) NOT NULL COMMENT 'English country name',
  `official_name` varchar(128) NOT NULL COMMENT 'Official English country name',
  `iso3` char(3) NOT NULL COMMENT 'Three-letter country code (ISO 3166-1 alpha-3)',
  `number` smallint(3) UNSIGNED ZEROFILL NOT NULL COMMENT 'Three-digit country number (ISO 3166-1 numeric)',
  `currency` varchar(128) NOT NULL,
  `capital` varchar(128) NOT NULL,
  `area` int(11) NOT NULL,
  `continent_id` int(11) NOT NULL,
  `coords` varchar(255) NOT NULL,
  `display_order` int(3) NOT NULL DEFAULT '900'
) ENGINE=InnoDB DEFAULT CHARSET=utf8 ROW_FORMAT=COMPACT;

--
-- Дамп данных таблицы `country`
--

INSERT INTO `country` (`country_id`, `code`, `name`, `official_name`, `iso3`, `number`, `currency`, `capital`, `area`, `continent_id`, `coords`, `display_order`) VALUES
(1, 'AD', 'Andorra', 'Principality of Andorra', 'AND', 020, '[\"EUR\"]', 'Andorra la Vella', 468, 4, '[42.5,1.5]', 7),
(2, 'AE', 'United Arab Emirates', 'United Arab Emirates', 'ARE', 784, '[\"AED\"]', 'Abu Dhabi', 83600, 3, '[24,54]', 232),
(3, 'AF', 'Afghanistan', 'Islamic Republic of Afghanistan', 'AFG', 004, '[\"AFN\"]', 'Kabul', 652230, 3, '[33,65]', 3),
(4, 'AG', 'Antigua and Barbuda', 'Antigua and Barbuda', 'ATG', 028, '[\"XCD\"]', 'Saint John\'s', 442, 5, '[17.05,-61.8]', 11),
(5, 'AI', 'Anguilla', 'Anguilla', 'AIA', 660, '[\"XCD\"]', 'The Valley', 91, 5, '[18.25,-63.16666666]', 9),
(6, 'AL', 'Albania', 'Republic of Albania', 'ALB', 008, '[\"ALL\"]', 'Tirana', 28748, 4, '[41,20]', 4),
(7, 'AM', 'Armenia', 'Republic of Armenia', 'ARM', 051, '[\"AMD\"]', 'Yerevan', 29743, 3, '[40,45]', 13),
(8, 'AN', 'Netherlands Antilles', 'Netherlands Antilles', 'ANT', 530, '', '', 0, 5, '', 157),
(9, 'AO', 'Angola', 'Republic of Angola', 'AGO', 024, '[\"AOA\"]', 'Luanda', 1246700, 1, '[-12.5,18.5]', 8),
(10, 'AQ', 'Antarctica', 'Antarctica (the territory South of 60 deg S)', 'ATA', 010, '[]', '', 14000000, 2, '[-90,0]', 10),
(11, 'AR', 'Argentina', 'Argentine Republic', 'ARG', 032, '[\"ARS\"]', 'Buenos Aires', 2780400, 7, '[-34,-64]', 12),
(12, 'AS', 'American Samoa', 'American Samoa', 'ASM', 016, '[\"USD\"]', 'Pago Pago', 199, 6, '[-14.33333333,-170]', 6),
(13, 'AT', 'Austria', 'Republic of Austria', 'AUT', 040, '[\"EUR\"]', 'Vienna', 83871, 4, '[47.33333333,13.33333333]', 16),
(14, 'AU', 'Australia', 'Commonwealth of Australia', 'AUS', 036, '[\"AUD\"]', 'Canberra', 7692024, 6, '[-27,133]', 15),
(15, 'AW', 'Aruba', 'Aruba', 'ABW', 533, '[\"AWG\"]', 'Oranjestad', 180, 5, '[12.5,-69.96666666]', 14),
(16, 'AX', 'Åland', 'Åland Islands', 'ALA', 248, '[\"EUR\"]', 'Mariehamn', 1580, 4, '[60.116667,19.9]', 246),
(17, 'AZ', 'Azerbaijan', 'Republic of Azerbaijan', 'AZE', 031, '[\"AZN\"]', 'Baku', 86600, 3, '[40.5,47.5]', 17),
(18, 'BA', 'Bosnia and Herzegovina', 'Bosnia and Herzegovina', 'BIH', 070, '[\"BAM\"]', 'Sarajevo', 51209, 4, '[44,18]', 29),
(19, 'BB', 'Barbados', 'Barbados', 'BRB', 052, '[\"BBD\"]', 'Bridgetown', 430, 5, '[13.16666666,-59.53333333]', 21),
(20, 'BD', 'Bangladesh', 'People\'s Republic of Bangladesh', 'BGD', 050, '[\"BDT\"]', 'Dhaka', 147570, 3, '[24,90]', 20),
(21, 'BE', 'Belgium', 'Kingdom of Belgium', 'BEL', 056, '[\"EUR\"]', 'Brussels', 30528, 4, '[50.83333333,4]', 23),
(22, 'BF', 'Burkina Faso', 'Burkina Faso', 'BFA', 854, '[\"XOF\"]', 'Ouagadougou', 272967, 1, '[13,-2]', 37),
(23, 'BG', 'Bulgaria', 'Republic of Bulgaria', 'BGR', 100, '[\"BGN\"]', 'Sofia', 110879, 4, '[43,25]', 36),
(24, 'BH', 'Bahrain', 'Kingdom of Bahrain', 'BHR', 048, '[\"BHD\"]', 'Manama', 765, 3, '[26,50.55]', 19),
(25, 'BI', 'Burundi', 'Republic of Burundi', 'BDI', 108, '[\"BIF\"]', 'Bujumbura', 27834, 1, '[-3.5,30]', 38),
(26, 'BJ', 'Benin', 'Republic of Benin', 'BEN', 204, '[\"XOF\"]', 'Porto-Novo', 112622, 1, '[9.5,2.25]', 25),
(27, 'BL', 'Saint Barthélemy', 'Saint Barthelemy', 'BLM', 652, '[\"EUR\"]', 'Gustavia', 21, 5, '[18.5,-63.41666666]', 185),
(28, 'BM', 'Bermuda', 'Bermuda', 'BMU', 060, '[\"BMD\"]', 'Hamilton', 54, 5, '[32.33333333,-64.75]', 26),
(29, 'BN', 'Brunei Darussalam', 'Brunei Darussalam', 'BRN', 096, '[\"BND\"]', 'Bandar Seri Begawan', 5765, 3, '[4.5,114.66666666]', 35),
(30, 'BO', 'Bolivia', 'Republic of Bolivia', 'BOL', 068, '[\"BOB\",\"BOV\"]', 'Sucre', 1098581, 7, '[-17,-65]', 28),
(31, 'BR', 'Brazil', 'Federative Republic of Brazil', 'BRA', 076, '[\"BRL\"]', 'Brasília', 8515767, 7, '[-10,-55]', 32),
(32, 'BS', 'Bahamas', 'Commonwealth of the Bahamas', 'BHS', 044, '[\"BSD\"]', 'Nassau', 13943, 5, '[24.25,-76]', 18),
(33, 'BT', 'Bhutan', 'Kingdom of Bhutan', 'BTN', 064, '[\"BTN\",\"INR\"]', 'Thimphu', 38394, 3, '[27.5,90.5]', 27),
(34, 'BV', 'Bouvet Island', 'Bouvet Island (Bouvetoya)', 'BVT', 074, '[\"NOK\"]', '', 49, 2, '[-54.43333333,3.4]', 31),
(35, 'BW', 'Botswana', 'Republic of Botswana', 'BWA', 072, '[\"BWP\"]', 'Gaborone', 582000, 1, '[-22,24]', 30),
(36, 'BY', 'Belarus', 'Republic of Belarus', 'BLR', 112, '[\"BYN\"]', 'Minsk', 207600, 4, '[53,28]', 22),
(37, 'BZ', 'Belize', 'Belize', 'BLZ', 084, '[\"BZD\"]', 'Belmopan', 22966, 5, '[17.25,-88.75]', 24),
(38, 'CA', 'Canada', 'Canada', 'CAN', 124, '[\"CAD\"]', 'Ottawa', 9984670, 5, '[60,-95]', 2),
(39, 'CC', 'Cocos (Keeling) Islands', 'Cocos (Keeling) Islands', 'CCK', 166, '[\"AUD\"]', 'West Island', 14, 3, '[-12.5,96.83333333]', 48),
(40, 'CD', 'Congo (Kinshasa)', 'Democratic Republic of the Congo', 'COD', 180, '[\"CDF\"]', 'Kinshasa', 2344858, 1, '[0,25]', 51),
(41, 'CF', 'Central African Republic', 'Central African Republic', 'CAF', 140, '[\"XAF\"]', 'Bangui', 622984, 1, '[7,21]', 43),
(42, 'CG', 'Congo (Brazzaville)', 'Republic of the Congo', 'COG', 178, '[\"XAF\"]', 'Brazzaville', 342000, 1, '[-1,15]', 52),
(43, 'CH', 'Switzerland', 'Swiss Confederation', 'CHE', 756, '[\"CHE\",\"CHF\",\"CHW\"]', 'Bern', 41284, 4, '[47,8]', 214),
(44, 'CI', 'Côte d\'Ivoire', 'Republic of Cote d\'Ivoire', 'CIV', 384, '[\"XOF\"]', 'Yamoussoukro', 322463, 1, '[8,-5]', 55),
(45, 'CK', 'Cook Islands', 'Cook Islands', 'COK', 184, '[\"NZD\",\"CKD\"]', 'Avarua', 236, 6, '[-21.23333333,-159.76666666]', 53),
(46, 'CL', 'Chile', 'Republic of Chile', 'CHL', 152, '[\"CLF\",\"CLP\"]', 'Santiago', 756102, 7, '[-30,-71]', 45),
(47, 'CM', 'Cameroon', 'Republic of Cameroon', 'CMR', 120, '[\"XAF\"]', 'Yaoundé', 475442, 1, '[6,12]', 40),
(48, 'CN', 'China', 'People\'s Republic of China', 'CHN', 156, '[\"CNY\"]', 'Beijing', 9706961, 3, '[35,105]', 46),
(49, 'CO', 'Colombia', 'Republic of Colombia', 'COL', 170, '[\"COP\"]', 'Bogotá', 1141748, 7, '[4,-72]', 49),
(50, 'CR', 'Costa Rica', 'Republic of Costa Rica', 'CRI', 188, '[\"CRC\"]', 'San José', 51100, 5, '[10,-84]', 54),
(51, 'CU', 'Cuba', 'Republic of Cuba', 'CUB', 192, '[\"CUC\",\"CUP\"]', 'Havana', 109884, 5, '[21.5,-80]', 57),
(52, 'CV', 'Cape Verde', 'Republic of Cape Verde', 'CPV', 132, '[\"CVE\"]', 'Praia', 4033, 1, '[16,-24]', 41),
(53, 'CX', 'Christmas Island', 'Christmas Island', 'CXR', 162, '[\"AUD\"]', 'Flying Fish Cove', 135, 3, '[-10.5,105.66666666]', 47),
(54, 'CY', 'Cyprus', 'Republic of Cyprus', 'CYP', 196, '[\"EUR\"]', 'Nicosia', 9251, 3, '[35,33]', 58),
(55, 'CZ', 'Czech Republic', 'Czech Republic', 'CZE', 203, '[\"CZK\"]', 'Prague', 78865, 4, '[49.75,15.5]', 59),
(56, 'DE', 'Germany', 'Federal Republic of Germany', 'DEU', 276, '[\"EUR\"]', 'Berlin', 357114, 4, '[51,9]', 82),
(57, 'DJ', 'Djibouti', 'Republic of Djibouti', 'DJI', 262, '[\"DJF\"]', 'Djibouti', 23200, 1, '[11.5,43]', 61),
(58, 'DK', 'Denmark', 'Kingdom of Denmark', 'DNK', 208, '[\"DKK\"]', 'Copenhagen', 43094, 4, '[56,10]', 60),
(59, 'DM', 'Dominica', 'Commonwealth of Dominica', 'DMA', 212, '[\"XCD\"]', 'Roseau', 751, 5, '[15.41666666,-61.33333333]', 62),
(60, 'DO', 'Dominican Republic', 'Dominican Republic', 'DOM', 214, '[\"DOP\"]', 'Santo Domingo', 48671, 5, '[19,-70.66666666]', 63),
(61, 'DZ', 'Algeria', 'People\'s Democratic Republic of Algeria', 'DZA', 012, '[\"DZD\"]', 'Algiers', 2381741, 1, '[28,3]', 5),
(62, 'EC', 'Ecuador', 'Republic of Ecuador', 'ECU', 218, '[\"USD\"]', 'Quito', 276841, 7, '[-2,-77.5]', 64),
(63, 'EE', 'Estonia', 'Republic of Estonia', 'EST', 233, '[\"EUR\"]', 'Tallinn', 45227, 4, '[59,26]', 69),
(64, 'EG', 'Egypt', 'Arab Republic of Egypt', 'EGY', 818, '[\"EGP\"]', 'Cairo', 1002450, 1, '[27,30]', 65),
(65, 'EH', 'Western Sahara', 'Western Sahara', 'ESH', 732, '[\"MAD\",\"DZD\",\"MRO\"]', 'El Aaiún', 266000, 1, '[24.5,-13]', 242),
(66, 'ER', 'Eritrea', 'State of Eritrea', 'ERI', 232, '[\"ERN\"]', 'Asmara', 117600, 1, '[15,39]', 68),
(67, 'ES', 'Spain', 'Kingdom of Spain', 'ESP', 724, '[\"EUR\"]', 'Madrid', 505992, 4, '[40,-4]', 207),
(68, 'ET', 'Ethiopia', 'Federal Democratic Republic of Ethiopia', 'ETH', 231, '[\"ETB\"]', 'Addis Ababa', 1104300, 1, '[8,38]', 70),
(69, 'FI', 'Finland', 'Republic of Finland', 'FIN', 246, '[\"EUR\"]', 'Helsinki', 338424, 4, '[64,26]', 74),
(70, 'FJ', 'Fiji', 'Republic of the Fiji Islands', 'FJI', 242, '[\"FJD\"]', 'Suva', 18272, 6, '[-18,175]', 73),
(71, 'FK', 'Falkland Islands', 'Falkland Islands (Malvinas)', 'FLK', 238, '[\"FKP\"]', 'Stanley', 12173, 7, '[-51.75,-59]', 71),
(72, 'FM', 'Micronesia', 'Federated States of Micronesia', 'FSM', 583, '[\"USD\"]', 'Palikir', 702, 6, '[6.91666666,158.25]', 144),
(73, 'FO', 'Faroe Islands', 'Faroe Islands', 'FRO', 234, '[\"DKK\"]', 'Tórshavn', 1393, 4, '[62,-7]', 72),
(74, 'FR', 'France', 'French Republic', 'FRA', 250, '[\"EUR\"]', 'Paris', 551695, 4, '[46,2]', 75),
(75, 'GA', 'Gabon', 'Gabonese Republic', 'GAB', 266, '[\"XAF\"]', 'Libreville', 267668, 1, '[-1,11.75]', 79),
(76, 'GB', 'United Kingdom', 'United Kingdom of Great Britain & Northern Ireland', 'GBR', 826, '[\"GBP\"]', 'London', 242900, 4, '[54,-2]', 233),
(77, 'GD', 'Grenada', 'Grenada', 'GRD', 308, '[\"XCD\"]', 'St. George\'s', 344, 5, '[12.11666666,-61.66666666]', 87),
(78, 'GE', 'Georgia', 'Georgia', 'GEO', 268, '[\"GEL\"]', 'Tbilisi', 69700, 3, '[42,43.5]', 81),
(79, 'GF', 'French Guiana', 'French Guiana', 'GUF', 254, '[\"EUR\"]', 'Cayenne', 83534, 7, '[4,-53]', 76),
(80, 'GG', 'Guernsey', 'Bailiwick of Guernsey', 'GGY', 831, '[\"GBP\"]', 'St. Peter Port', 78, 4, '[49.46666666,-2.58333333]', 91),
(81, 'GH', 'Ghana', 'Republic of Ghana', 'GHA', 288, '[\"GHS\"]', 'Accra', 238533, 1, '[8,-2]', 83),
(82, 'GI', 'Gibraltar', 'Gibraltar', 'GIB', 292, '[\"GIP\"]', 'Gibraltar', 6, 4, '[36.13333333,-5.35]', 84),
(83, 'GL', 'Greenland', 'Greenland', 'GRL', 304, '[\"DKK\"]', 'Nuuk', 2166086, 5, '[72,-40]', 86),
(84, 'GM', 'Gambia', 'Republic of the Gambia', 'GMB', 270, '[\"GMD\"]', 'Banjul', 10689, 1, '[13.46666666,-16.56666666]', 80),
(85, 'GN', 'Guinea', 'Republic of Guinea', 'GIN', 324, '[\"GNF\"]', 'Conakry', 245857, 1, '[11,-10]', 92),
(86, 'GP', 'Guadeloupe', 'Guadeloupe', 'GLP', 312, '[\"EUR\"]', 'Basse-Terre', 1628, 5, '[16.25,-61.583333]', 88),
(87, 'GQ', 'Equatorial Guinea', 'Republic of Equatorial Guinea', 'GNQ', 226, '[\"XAF\"]', 'Malabo', 28051, 1, '[2,10]', 67),
(88, 'GR', 'Greece', 'Hellenic Republic Greece', 'GRC', 300, '[\"EUR\"]', 'Athens', 131990, 4, '[39,22]', 85),
(89, 'GS', 'South Georgia and South Sandwich Islands', 'South Georgia and the South Sandwich Islands', 'SGS', 239, '[\"GBP\"]', 'King Edward Point', 3903, 2, '[-54.5,-37]', 206),
(90, 'GT', 'Guatemala', 'Republic of Guatemala', 'GTM', 320, '[\"GTQ\"]', 'Guatemala City', 108889, 5, '[15.5,-90.25]', 90),
(91, 'GU', 'Guam', 'Guam', 'GUM', 316, '[\"USD\"]', 'Hagåtña', 549, 6, '[13.46666666,144.78333333]', 89),
(92, 'GW', 'Guinea-Bissau', 'Republic of Guinea-Bissau', 'GNB', 624, '[\"XOF\"]', 'Bissau', 36125, 1, '[12,-15]', 93),
(93, 'GY', 'Guyana', 'Co-operative Republic of Guyana', 'GUY', 328, '[\"GYD\"]', 'Georgetown', 214969, 7, '[5,-59]', 94),
(94, 'HK', 'Hong Kong', 'Hong Kong Special Administrative Region of China', 'HKG', 344, '[\"HKD\"]', 'City of Victoria', 1104, 3, '[22.267,114.188]', 99),
(95, 'HM', 'Heard and McDonald Islands', 'Heard Island and McDonald Islands', 'HMD', 334, '[\"AUD\"]', '', 412, 2, '[-53.1,72.51666666]', 96),
(96, 'HN', 'Honduras', 'Republic of Honduras', 'HND', 340, '[\"HNL\"]', 'Tegucigalpa', 112492, 5, '[15,-86.5]', 98),
(97, 'HR', 'Croatia', 'Republic of Croatia', 'HRV', 191, '[\"HRK\"]', 'Zagreb', 56594, 4, '[45.16666666,15.5]', 56),
(98, 'HT', 'Haiti', 'Republic of Haiti', 'HTI', 332, '[\"HTG\",\"USD\"]', 'Port-au-Prince', 27750, 5, '[19,-72.41666666]', 95),
(99, 'HU', 'Hungary', 'Republic of Hungary', 'HUN', 348, '[\"HUF\"]', 'Budapest', 93028, 4, '[47,20]', 100),
(100, 'ID', 'Indonesia', 'Republic of Indonesia', 'IDN', 360, '[\"IDR\"]', 'Jakarta', 1904569, 3, '[-5,120]', 103),
(101, 'IE', 'Ireland', 'Ireland', 'IRL', 372, '[\"EUR\"]', 'Dublin', 70273, 4, '[53,-8]', 106),
(102, 'IL', 'Israel', 'State of Israel', 'ISR', 376, '[\"ILS\"]', 'Jerusalem', 20770, 3, '[31.47,35.13]', 108),
(103, 'IM', 'Isle of Man', 'Isle of Man', 'IMN', 833, '[\"GBP\"]', 'Douglas', 572, 4, '[54.25,-4.5]', 107),
(104, 'IN', 'India', 'Republic of India', 'IND', 356, '[\"INR\"]', 'New Delhi', 3287590, 3, '[20,77]', 102),
(105, 'IO', 'British Indian Ocean Territory', 'British Indian Ocean Territory (Chagos Archipelago)', 'IOT', 086, '[\"USD\"]', 'Diego Garcia', 60, 3, '[-6,71.5]', 33),
(106, 'IQ', 'Iraq', 'Republic of Iraq', 'IRQ', 368, '[\"IQD\"]', 'Baghdad', 438317, 3, '[33,44]', 105),
(107, 'IR', 'Iran', 'Islamic Republic of Iran', 'IRN', 364, '[\"IRR\"]', 'Tehran', 1648195, 3, '[32,53]', 104),
(108, 'IS', 'Iceland', 'Republic of Iceland', 'ISL', 352, '[\"ISK\"]', 'Reykjavik', 103000, 4, '[65,-18]', 101),
(109, 'IT', 'Italy', 'Italian Republic', 'ITA', 380, '[\"EUR\"]', 'Rome', 301336, 4, '[42.83333333,12.83333333]', 109),
(110, 'JE', 'Jersey', 'Bailiwick of Jersey', 'JEY', 832, '[\"GBP\"]', 'Saint Helier', 116, 4, '[49.25,-2.16666666]', 112),
(111, 'JM', 'Jamaica', 'Jamaica', 'JAM', 388, '[\"JMD\"]', 'Kingston', 10991, 5, '[18.25,-77.5]', 110),
(112, 'JO', 'Jordan', 'Hashemite Kingdom of Jordan', 'JOR', 400, '[\"JOD\"]', 'Amman', 89342, 3, '[31,36]', 113),
(113, 'JP', 'Japan', 'Japan', 'JPN', 392, '[\"JPY\"]', 'Tokyo', 377930, 3, '[36,138]', 111),
(114, 'KE', 'Kenya', 'Republic of Kenya', 'KEN', 404, '[\"KES\"]', 'Nairobi', 580367, 1, '[1,38]', 115),
(115, 'KG', 'Kyrgyzstan', 'Kyrgyz Republic', 'KGZ', 417, '[\"KGS\"]', 'Bishkek', 199951, 3, '[41,75]', 120),
(116, 'KH', 'Cambodia', 'Kingdom of Cambodia', 'KHM', 116, '[\"KHR\"]', 'Phnom Penh', 181035, 3, '[13,105]', 39),
(117, 'KI', 'Kiribati', 'Republic of Kiribati', 'KIR', 296, '[\"AUD\"]', 'South Tarawa', 811, 6, '[1.41666666,173]', 116),
(118, 'KM', 'Comoros', 'Union of the Comoros', 'COM', 174, '[\"KMF\"]', 'Moroni', 1862, 1, '[-12.16666666,44.25]', 50),
(119, 'KN', 'Saint Kitts and Nevis', 'Federation of Saint Kitts and Nevis', 'KNA', 659, '[\"XCD\"]', 'Basseterre', 261, 5, '[17.33333333,-62.75]', 187),
(120, 'KP', 'Korea, North', 'Democratic People\'s Republic of Korea', 'PRK', 408, '[\"KPW\"]', 'Pyongyang', 120538, 3, '[40,127]', 117),
(121, 'KR', 'Korea, South', 'Republic of Korea', 'KOR', 410, '[\"KRW\"]', 'Seoul', 100210, 3, '[37,127.5]', 118),
(122, 'KW', 'Kuwait', 'State of Kuwait', 'KWT', 414, '[\"KWD\"]', 'Kuwait City', 17818, 3, '[29.5,45.75]', 119),
(123, 'KY', 'Cayman Islands', 'Cayman Islands', 'CYM', 136, '[\"KYD\"]', 'George Town', 264, 5, '[19.5,-80.5]', 42),
(124, 'KZ', 'Kazakhstan', 'Republic of Kazakhstan', 'KAZ', 398, '[\"KZT\"]', 'Astana', 2724900, 3, '[48,68]', 114),
(125, 'LA', 'Laos', 'Lao People\'s Democratic Republic', 'LAO', 418, '[\"LAK\"]', 'Vientiane', 236800, 3, '[18,105]', 121),
(126, 'LB', 'Lebanon', 'Lebanese Republic', 'LBN', 422, '[\"LBP\"]', 'Beirut', 10452, 3, '[33.83333333,35.83333333]', 123),
(127, 'LC', 'Saint Lucia', 'Saint Lucia', 'LCA', 662, '[\"XCD\"]', 'Castries', 616, 5, '[13.88333333,-60.96666666]', 188),
(128, 'LI', 'Liechtenstein', 'Principality of Liechtenstein', 'LIE', 438, '[\"CHF\"]', 'Vaduz', 160, 4, '[47.26666666,9.53333333]', 127),
(129, 'LK', 'Sri Lanka', 'Democratic Socialist Republic of Sri Lanka', 'LKA', 144, '[\"LKR\"]', 'Colombo', 65610, 3, '[7,81]', 208),
(130, 'LR', 'Liberia', 'Republic of Liberia', 'LBR', 430, '[\"LRD\"]', 'Monrovia', 111369, 1, '[6.5,-9.5]', 125),
(131, 'LS', 'Lesotho', 'Kingdom of Lesotho', 'LSO', 426, '[\"LSL\",\"ZAR\"]', 'Maseru', 30355, 1, '[-29.5,28.5]', 124),
(132, 'LT', 'Lithuania', 'Republic of Lithuania', 'LTU', 440, '[\"EUR\"]', 'Vilnius', 65300, 4, '[56,24]', 128),
(133, 'LU', 'Luxembourg', 'Grand Duchy of Luxembourg', 'LUX', 442, '[\"EUR\"]', 'Luxembourg', 2586, 4, '[49.75,6.16666666]', 129),
(134, 'LV', 'Latvia', 'Republic of Latvia', 'LVA', 428, '[\"EUR\"]', 'Riga', 64559, 4, '[57,25]', 122),
(135, 'LY', 'Libya', 'Libyan Arab Jamahiriya', 'LBY', 434, '[\"LYD\"]', 'Tripoli', 1759540, 1, '[25,17]', 126),
(136, 'MA', 'Morocco', 'Kingdom of Morocco', 'MAR', 504, '[\"MAD\"]', 'Rabat', 446550, 1, '[32,-5]', 150),
(137, 'MC', 'Monaco', 'Principality of Monaco', 'MCO', 492, '[\"EUR\"]', 'Monaco', 2, 4, '[43.73333333,7.4]', 146),
(138, 'MD', 'Moldova', 'Republic of Moldova', 'MDA', 498, '[\"MDL\"]', 'Chișinău', 33846, 4, '[47,29]', 145),
(139, 'ME', 'Montenegro', 'Republic of Montenegro', 'MNE', 499, '[\"EUR\"]', 'Podgorica', 13812, 4, '[42.5,19.3]', 148),
(140, 'MF', 'Saint Martin (French part)', 'Saint Martin', 'MAF', 663, '[\"EUR\"]', 'Marigot', 53, 5, '[18.08333333,-63.95]', 189),
(141, 'MG', 'Madagascar', 'Republic of Madagascar', 'MDG', 450, '[\"MGA\"]', 'Antananarivo', 587041, 1, '[-20,47]', 132),
(142, 'MH', 'Marshall Islands', 'Republic of the Marshall Islands', 'MHL', 584, '[\"USD\"]', 'Majuro', 181, 6, '[9,168]', 138),
(143, 'MK', 'Macedonia', 'Republic of Macedonia', 'MKD', 807, '[\"MKD\"]', 'Skopje', 25713, 4, '[41.83333333,22]', 131),
(144, 'ML', 'Mali', 'Republic of Mali', 'MLI', 466, '[\"XOF\"]', 'Bamako', 1240192, 1, '[17,-4]', 136),
(145, 'MM', 'Myanmar', 'Union of Myanmar', 'MMR', 104, '[\"MMK\"]', 'Naypyidaw', 676578, 3, '[22,98]', 152),
(146, 'MN', 'Mongolia', 'Mongolia', 'MNG', 496, '[\"MNT\"]', 'Ulan Bator', 1564110, 3, '[46,105]', 147),
(147, 'MO', 'Macau', 'Macao Special Administrative Region of China', 'MAC', 446, '[\"MOP\"]', '', 30, 3, '[22.16666666,113.55]', 130),
(148, 'MP', 'Northern Mariana Islands', 'Commonwealth of the Northern Mariana Islands', 'MNP', 580, '[\"USD\"]', 'Saipan', 464, 6, '[15.2,145.75]', 165),
(149, 'MQ', 'Martinique', 'Martinique', 'MTQ', 474, '[\"EUR\"]', 'Fort-de-France', 1128, 5, '[14.666667,-61]', 139),
(150, 'MR', 'Mauritania', 'Islamic Republic of Mauritania', 'MRT', 478, '[\"MRO\"]', 'Nouakchott', 1030700, 1, '[20,-12]', 140),
(151, 'MS', 'Montserrat', 'Montserrat', 'MSR', 500, '[\"XCD\"]', 'Plymouth', 102, 5, '[16.75,-62.2]', 149),
(152, 'MT', 'Malta', 'Republic of Malta', 'MLT', 470, '[\"EUR\"]', 'Valletta', 316, 4, '[35.83333333,14.58333333]', 137),
(153, 'MU', 'Mauritius', 'Republic of Mauritius', 'MUS', 480, '[\"MUR\"]', 'Port Louis', 2040, 1, '[-20.28333333,57.55]', 141),
(154, 'MV', 'Maldives', 'Republic of Maldives', 'MDV', 462, '[\"MVR\"]', 'Malé', 300, 3, '[3.25,73]', 135),
(155, 'MW', 'Malawi', 'Republic of Malawi', 'MWI', 454, '[\"MWK\"]', 'Lilongwe', 118484, 1, '[-13.5,34]', 133),
(156, 'MX', 'Mexico', 'United Mexican States', 'MEX', 484, '[\"MXN\"]', 'Mexico City', 1964375, 5, '[23,-102]', 143),
(157, 'MY', 'Malaysia', 'Malaysia', 'MYS', 458, '[\"MYR\"]', 'Kuala Lumpur', 330803, 3, '[2.5,112.5]', 134),
(158, 'MZ', 'Mozambique', 'Republic of Mozambique', 'MOZ', 508, '[\"MZN\"]', 'Maputo', 801590, 1, '[-18.25,35]', 151),
(159, 'NA', 'Namibia', 'Republic of Namibia', 'NAM', 516, '[\"NAD\",\"ZAR\"]', 'Windhoek', 825615, 1, '[-22,17]', 153),
(160, 'NC', 'New Caledonia', 'New Caledonia', 'NCL', 540, '[\"XPF\"]', 'Nouméa', 18575, 6, '[-21.5,165.5]', 158),
(161, 'NE', 'Niger', 'Republic of Niger', 'NER', 562, '[\"XOF\"]', 'Niamey', 1267000, 1, '[16,8]', 161),
(162, 'NF', 'Norfolk Island', 'Norfolk Island', 'NFK', 574, '[\"AUD\"]', 'Kingston', 36, 6, '[-29.03333333,167.95]', 164),
(163, 'NG', 'Nigeria', 'Federal Republic of Nigeria', 'NGA', 566, '[\"NGN\"]', 'Abuja', 923768, 1, '[10,8]', 162),
(164, 'NI', 'Nicaragua', 'Republic of Nicaragua', 'NIC', 558, '[\"NIO\"]', 'Managua', 130373, 5, '[13,-85]', 160),
(165, 'NL', 'Netherlands', 'Kingdom of the Netherlands', 'NLD', 528, '[\"EUR\"]', 'Amsterdam', 41850, 4, '[52.5,5.75]', 156),
(166, 'NO', 'Norway', 'Kingdom of Norway', 'NOR', 578, '[\"NOK\"]', 'Oslo', 323802, 4, '[62,10]', 166),
(167, 'NP', 'Nepal', 'State of Nepal', 'NPL', 524, '[\"NPR\"]', 'Kathmandu', 147181, 3, '[28,84]', 155),
(168, 'NR', 'Nauru', 'Republic of Nauru', 'NRU', 520, '[\"AUD\"]', 'Yaren', 21, 6, '[-0.53333333,166.91666666]', 154),
(169, 'NU', 'Niue', 'Niue', 'NIU', 570, '[\"NZD\"]', 'Alofi', 260, 6, '[-19.03333333,-169.86666666]', 163),
(170, 'NZ', 'New Zealand', 'New Zealand', 'NZL', 554, '[\"NZD\"]', 'Wellington', 270467, 6, '[-41,174]', 159),
(171, 'OM', 'Oman', 'Sultanate of Oman', 'OMN', 512, '[\"OMR\"]', 'Muscat', 309500, 3, '[21,57]', 167),
(172, 'PA', 'Panama', 'Republic of Panama', 'PAN', 591, '[\"PAB\",\"USD\"]', 'Panama City', 75417, 5, '[9,-80]', 171),
(173, 'PE', 'Peru', 'Republic of Peru', 'PER', 604, '[\"PEN\"]', 'Lima', 1285216, 7, '[-10,-76]', 174),
(174, 'PF', 'French Polynesia', 'French Polynesia', 'PYF', 258, '[\"XPF\"]', 'Papeetē', 4167, 6, '[-15,-140]', 77),
(175, 'PG', 'Papua New Guinea', 'Independent State of Papua New Guinea', 'PNG', 598, '[\"PGK\"]', 'Port Moresby', 462840, 6, '[-6,147]', 172),
(176, 'PH', 'Philippines', 'Republic of the Philippines', 'PHL', 608, '[\"PHP\"]', 'Manila', 342353, 3, '[13,122]', 175),
(177, 'PK', 'Pakistan', 'Islamic Republic of Pakistan', 'PAK', 586, '[\"PKR\"]', 'Islamabad', 881912, 3, '[30,70]', 168),
(178, 'PL', 'Poland', 'Republic of Poland', 'POL', 616, '[\"PLN\"]', 'Warsaw', 312679, 4, '[52,20]', 177),
(179, 'PM', 'Saint Pierre and Miquelon', 'Saint Pierre and Miquelon', 'SPM', 666, '[\"EUR\"]', 'Saint-Pierre', 242, 5, '[46.83333333,-56.33333333]', 190),
(180, 'PN', 'Pitcairn', 'Pitcairn Islands', 'PCN', 612, '[\"NZD\"]', 'Adamstown', 47, 6, '[-25.06666666,-130.1]', 176),
(181, 'PR', 'Puerto Rico', 'Commonwealth of Puerto Rico', 'PRI', 630, '[\"USD\"]', 'San Juan', 8870, 5, '[18.25,-66.5]', 179),
(182, 'PS', 'Palestine', 'Occupied Palestinian Territory', 'PSE', 275, '[\"ILS\"]', 'Ramallah', 6220, 3, '[31.9,35.2]', 170),
(183, 'PT', 'Portugal', 'Portuguese Republic', 'PRT', 620, '[\"EUR\"]', 'Lisbon', 92090, 4, '[39.5,-8]', 178),
(184, 'PW', 'Palau', 'Republic of Palau', 'PLW', 585, '[\"USD\"]', 'Ngerulmud', 459, 6, '[7.5,134.5]', 169),
(185, 'PY', 'Paraguay', 'Republic of Paraguay', 'PRY', 600, '[\"PYG\"]', 'Asunción', 406752, 7, '[-23,-58]', 173),
(186, 'QA', 'Qatar', 'State of Qatar', 'QAT', 634, '[\"QAR\"]', 'Doha', 11586, 3, '[25.5,51.25]', 180),
(187, 'RE', 'Reunion', 'Reunion', 'REU', 638, '[\"EUR\"]', 'Saint-Denis', 2511, 1, '[-21.15,55.5]', 181),
(188, 'RO', 'Romania', 'Romania', 'ROU', 642, '[\"RON\"]', 'Bucharest', 238391, 4, '[46,25]', 182),
(189, 'RS', 'Serbia', 'Republic of Serbia', 'SRB', 688, '[\"RSD\"]', 'Belgrade', 88361, 4, '[44,21]', 197),
(191, 'RW', 'Rwanda', 'Republic of Rwanda', 'RWA', 646, '[\"RWF\"]', 'Kigali', 26338, 1, '[-2,30]', 184),
(192, 'SA', 'Saudi Arabia', 'Kingdom of Saudi Arabia', 'SAU', 682, '[\"SAR\"]', 'Riyadh', 2149690, 3, '[25,45]', 195),
(193, 'SB', 'Solomon Islands', 'Solomon Islands', 'SLB', 090, '[\"SBD\"]', 'Honiara', 28896, 6, '[-8,159]', 203),
(194, 'SC', 'Seychelles', 'Republic of Seychelles', 'SYC', 690, '[\"SCR\"]', 'Victoria', 452, 1, '[-4.58333333,55.66666666]', 198),
(195, 'SD', 'Sudan', 'Republic of Sudan', 'SDN', 736, '[\"SDG\"]', 'Khartoum', 1886068, 1, '[15,30]', 209),
(196, 'SE', 'Sweden', 'Kingdom of Sweden', 'SWE', 752, '[\"SEK\"]', 'Stockholm', 450295, 4, '[62,15]', 213),
(197, 'SG', 'Singapore', 'Republic of Singapore', 'SGP', 702, '[\"SGD\"]', 'Singapore', 710, 3, '[1.36666666,103.8]', 200),
(198, 'SH', 'Saint Helena', 'Saint Helena', 'SHN', 654, '', '', 0, 1, '', 186),
(199, 'SI', 'Slovenia', 'Republic of Slovenia', 'SVN', 705, '[\"EUR\"]', 'Ljubljana', 20273, 4, '[46.11666666,14.81666666]', 202),
(200, 'SJ', 'Svalbard and Jan Mayen Islands', 'Svalbard & Jan Mayen Islands', 'SJM', 744, '[\"NOK\"]', 'Longyearbyen', -1, 4, '[78,20]', 211),
(201, 'SK', 'Slovakia', 'Slovakia (Slovak Republic)', 'SVK', 703, '[\"EUR\"]', 'Bratislava', 49037, 4, '[48.66666666,19.5]', 201),
(202, 'SL', 'Sierra Leone', 'Republic of Sierra Leone', 'SLE', 694, '[\"SLL\"]', 'Freetown', 71740, 1, '[8.5,-11.5]', 199),
(203, 'SM', 'San Marino', 'Republic of San Marino', 'SMR', 674, '[\"EUR\"]', 'City of San Marino', 61, 4, '[43.76666666,12.41666666]', 193),
(204, 'SN', 'Senegal', 'Republic of Senegal', 'SEN', 686, '[\"XOF\"]', 'Dakar', 196722, 1, '[14,-14]', 196),
(205, 'SO', 'Somalia', 'Somali Republic', 'SOM', 706, '[\"SOS\"]', 'Mogadishu', 637657, 1, '[10,49]', 204),
(206, 'SR', 'Suriname', 'Republic of Suriname', 'SUR', 740, '[\"SRD\"]', 'Paramaribo', 163820, 7, '[4,-56]', 210),
(207, 'ST', 'Sao Tome and Principe', 'Democratic Republic of Sao Tome and Principe', 'STP', 678, '[\"STD\"]', 'São Tomé', 964, 1, '[1,7]', 194),
(208, 'SV', 'El Salvador', 'Republic of El Salvador', 'SLV', 222, '[\"SVC\",\"USD\"]', 'San Salvador', 21041, 5, '[13.83333333,-88.91666666]', 66),
(209, 'SY', 'Syria', 'Syrian Arab Republic', 'SYR', 760, '[\"SYP\"]', 'Damascus', 185180, 3, '[35,38]', 215),
(210, 'SZ', 'Swaziland', 'Kingdom of Swaziland', 'SWZ', 748, '[\"SZL\"]', 'Lobamba', 17364, 1, '[-26.5,31.5]', 212),
(211, 'TC', 'Turks and Caicos Islands', 'Turks and Caicos Islands', 'TCA', 796, '[\"USD\"]', 'Cockburn Town', 948, 5, '[21.75,-71.58333333]', 228),
(212, 'TD', 'Chad', 'Republic of Chad', 'TCD', 148, '[\"XAF\"]', 'N\'Djamena', 1284000, 1, '[15,19]', 44),
(213, 'TF', 'French Southern Lands', 'French Southern Territories', 'ATF', 260, '[\"EUR\"]', 'Port-aux-Français', 7747, 2, '[-49.25,69.167]', 78),
(214, 'TG', 'Togo', 'Togolese Republic', 'TGO', 768, '[\"XOF\"]', 'Lomé', 56785, 1, '[8,1.16666666]', 221),
(215, 'TH', 'Thailand', 'Kingdom of Thailand', 'THA', 764, '[\"THB\"]', 'Bangkok', 513120, 3, '[15,100]', 219),
(216, 'TJ', 'Tajikistan', 'Republic of Tajikistan', 'TJK', 762, '[\"TJS\"]', 'Dushanbe', 143100, 3, '[39,71]', 217),
(217, 'TK', 'Tokelau', 'Tokelau', 'TKL', 772, '[\"NZD\"]', 'Fakaofo', 12, 6, '[-9,-172]', 222),
(218, 'TL', 'Timor-Leste', 'Democratic Republic of Timor-Leste', 'TLS', 626, '[\"USD\"]', 'Dili', 14874, 3, '[-8.83333333,125.91666666]', 220),
(219, 'TM', 'Turkmenistan', 'Turkmenistan', 'TKM', 795, '[\"TMT\"]', 'Ashgabat', 488100, 3, '[40,60]', 227),
(220, 'TN', 'Tunisia', 'Tunisian Republic', 'TUN', 788, '[\"TND\"]', 'Tunis', 163610, 1, '[34,9]', 225),
(221, 'TO', 'Tonga', 'Kingdom of Tonga', 'TON', 776, '[\"TOP\"]', 'Nuku\'alofa', 747, 6, '[-20,-175]', 223),
(222, 'TR', 'Turkey', 'Republic of Turkey', 'TUR', 792, '[\"TRY\"]', 'Ankara', 783562, 3, '[39,35]', 226),
(223, 'TT', 'Trinidad and Tobago', 'Republic of Trinidad and Tobago', 'TTO', 780, '[\"TTD\"]', 'Port of Spain', 5130, 5, '[11,-61]', 224),
(224, 'TV', 'Tuvalu', 'Tuvalu', 'TUV', 798, '[\"AUD\"]', 'Funafuti', 26, 6, '[-8,178]', 229),
(225, 'TW', 'Taiwan', 'Taiwan', 'TWN', 158, '[\"TWD\"]', 'Taipei', 36193, 3, '[23.5,121]', 216),
(226, 'TZ', 'Tanzania', 'United Republic of Tanzania', 'TZA', 834, '[\"TZS\"]', 'Dodoma', 945087, 1, '[-6,35]', 218),
(227, 'UA', 'Ukraine', 'Ukraine', 'UKR', 804, '[\"UAH\"]', 'Kyiv', 603500, 4, '[49,32]', 231),
(228, 'UG', 'Uganda', 'Republic of Uganda', 'UGA', 800, '[\"UGX\"]', 'Kampala', 241550, 1, '[1,32]', 230),
(229, 'UM', 'United States Minor Outlying Islands', 'United States Minor Outlying Islands', 'UMI', 581, '[\"USD\"]', '', 34, 6, '[19.3,166.633333]', 234),
(230, 'US', 'United States of America', 'United States of America', 'USA', 840, '[\"USD\",\"USN\",\"USS\"]', 'Washington D.C.', 9372610, 5, '[38,-97]', 1),
(231, 'UY', 'Uruguay', 'Eastern Republic of Uruguay', 'URY', 858, '[\"UYI\",\"UYU\"]', 'Montevideo', 181034, 7, '[-33,-56]', 236),
(232, 'UZ', 'Uzbekistan', 'Republic of Uzbekistan', 'UZB', 860, '[\"UZS\"]', 'Tashkent', 447400, 3, '[41,64]', 237),
(233, 'VA', 'Vatican City', 'Holy See (Vatican City State)', 'VAT', 336, '[\"EUR\"]', 'Vatican City', 0, 4, '[41.9,12.45]', 97),
(234, 'VC', 'Saint Vincent and the Grenadines', 'Saint Vincent and the Grenadines', 'VCT', 670, '[\"XCD\"]', 'Kingstown', 389, 5, '[13.25,-61.2]', 191),
(235, 'VE', 'Venezuela', 'Bolivarian Republic of Venezuela', 'VEN', 862, '[\"VEF\"]', 'Caracas', 916445, 7, '[8,-66]', 239),
(236, 'VG', 'Virgin Islands, British', 'British Virgin Islands', 'VGB', 092, '[\"USD\"]', 'Road Town', 151, 5, '[18.431383,-64.62305]', 34),
(237, 'VI', 'Virgin Islands, U.S.', 'United States Virgin Islands', 'VIR', 850, '[\"USD\"]', 'Charlotte Amalie', 347, 5, '[18.35,-64.933333]', 235),
(238, 'VN', 'Vietnam', 'Socialist Republic of Vietnam', 'VNM', 704, '[\"VND\"]', 'Hanoi', 331212, 3, '[16.16666666,107.83333333]', 240),
(239, 'VU', 'Vanuatu', 'Republic of Vanuatu', 'VUT', 548, '[\"VUV\"]', 'Port Vila', 12189, 6, '[-16,167]', 238),
(240, 'WF', 'Wallis and Futuna Islands', 'Wallis and Futuna', 'WLF', 876, '[\"XPF\"]', 'Mata-Utu', 142, 6, '[-13.3,-176.2]', 241),
(241, 'WS', 'Samoa', 'Independent State of Samoa', 'WSM', 882, '[\"WST\"]', 'Apia', 2842, 6, '[-13.58333333,-172.33333333]', 192),
(242, 'YE', 'Yemen', 'Yemen', 'YEM', 887, '[\"YER\"]', 'Sana\'a', 527968, 3, '[15,48]', 243),
(243, 'YT', 'Mayotte', 'Mayotte', 'MYT', 175, '[\"EUR\"]', 'Mamoudzou', 374, 1, '[-12.83333333,45.16666666]', 142),
(244, 'ZA', 'South Africa', 'Republic of South Africa', 'ZAF', 710, '[\"ZAR\"]', 'Pretoria', 1221037, 1, '[-29,24]', 205),
(245, 'ZM', 'Zambia', 'Republic of Zambia', 'ZMB', 894, '[\"ZMW\"]', 'Lusaka', 752612, 1, '[-15,30]', 244),
(246, 'ZW', 'Zimbabwe', 'Republic of Zimbabwe', 'ZWE', 716, '[\"ZWL\"]', 'Harare', 390757, 1, '[-20,30]', 245);

-- --------------------------------------------------------

--
-- Структура таблицы `migration`
--

CREATE TABLE `migration` (
  `version` varchar(180) NOT NULL,
  `apply_time` int(11) DEFAULT NULL
) ENGINE=InnoDB DEFAULT CHARSET=utf8;

--
-- Дамп данных таблицы `migration`
--

INSERT INTO `migration` (`version`, `apply_time`) VALUES
('m000000_000000_base', 1657185271),
('m130524_201442_init', 1657185273),
('m190124_110200_add_verification_token_column_to_user_table', 1657185273);

-- --------------------------------------------------------

--
-- Структура таблицы `region`
--

CREATE TABLE `region` (
  `region_id` int(11) NOT NULL,
  `country_id` int(11) NOT NULL DEFAULT '0'
) ENGINE=InnoDB DEFAULT CHARSET=utf8;

--
-- Дамп данных таблицы `region`
--

INSERT INTO `region` (`region_id`, `country_id`) VALUES
(1001, 227),
(1002, 227),
(1003, 227),
(1004, 227),
(1005, 227),
(1006, 227),
(1007, 227),
(1008, 227),
(1009, 227),
(1010, 227),
(1011, 227),
(1012, 227),
(1013, 227),
(1014, 227),
(1015, 227),
(1016, 227),
(1017, 227),
(1018, 227),
(1019, 227),
(1020, 227),
(1021, 227),
(1022, 227),
(1023, 227),
(1024, 227),
(1025, 227);

-- --------------------------------------------------------

--
-- Структура таблицы `region_language`
--

CREATE TABLE `region_language` (
  `region_id` int(11) NOT NULL,
  `language` varchar(20) NOT NULL,
  `name_language` varchar(100) NOT NULL
) ENGINE=InnoDB DEFAULT CHARSET=utf8;

--
-- Дамп данных таблицы `region_language`
--

INSERT INTO `region_language` (`region_id`, `language`, `name_language`) VALUES
(1001, 'en', 'Vinnytska oblast'),
(1001, 'ua', 'Вінницька область'),
(1002, 'en', 'Volynska oblast'),
(1002, 'ua', 'Волинська область'),
(1003, 'en', 'Dnipropetrovska oblast'),
(1003, 'ua', 'Дніпропетровська область'),
(1004, 'en', 'Donetska oblast'),
(1004, 'ua', 'Донецька область'),
(1005, 'en', 'Zhytomyrska oblast'),
(1005, 'ua', 'Житомирська область'),
(1006, 'en', 'Zakarpatska oblast'),
(1006, 'ua', 'Закарпатська область'),
(1007, 'en', 'Zaporizka oblast'),
(1007, 'ua', 'Запорізька область'),
(1008, 'en', 'Ivano-Frankivska oblast'),
(1008, 'ua', 'Івано-Франківська область'),
(1009, 'en', 'Kyivsta oblast'),
(1009, 'ua', 'Київська область'),
(1010, 'en', 'Kirovogradska oblast'),
(1010, 'ua', 'Кіровоградська область'),
(1011, 'en', 'Autonomous Republic of Crimea'),
(1011, 'ua', 'Кримська Автономна Республіка'),
(1012, 'en', 'Luganska oblast'),
(1012, 'ua', 'Луганська область'),
(1013, 'en', 'Lvivska oblast'),
(1013, 'ua', 'Львівська область'),
(1014, 'en', 'Mykolaivska oblast'),
(1014, 'ua', 'Миколаївська область'),
(1015, 'en', 'Odeska oblast'),
(1015, 'ua', 'Одеська область'),
(1016, 'en', 'Poltavska oblast'),
(1016, 'ua', 'Полтавська область'),
(1017, 'en', 'Rivnenska oblast'),
(1017, 'ua', 'Рівненська область'),
(1018, 'en', 'Sumska oblast'),
(1018, 'ua', 'Сумська область'),
(1019, 'en', 'Ternopilska oblast'),
(1019, 'ua', 'Тернопільська область'),
(1020, 'en', 'Kharkivska oblast'),
(1020, 'ua', 'Харківська область'),
(1021, 'en', 'Khersonska oblast'),
(1021, 'ua', 'Херсонська область'),
(1022, 'en', 'Khmelnytska oblast'),
(1022, 'ua', 'Хмельницька область'),
(1023, 'en', 'Cherkaska oblast'),
(1023, 'ua', 'Черкаська область'),
(1024, 'en', 'Chernihivska oblast'),
(1024, 'ua', 'Чернігівська область'),
(1025, 'en', 'Chernivetska oblast'),
(1025, 'ua', 'Чернівецька область');

-- --------------------------------------------------------

--
-- Структура таблицы `user`
--

CREATE TABLE `user` (
  `id` int(11) NOT NULL,
  `username` varchar(255) COLLATE utf8_unicode_ci NOT NULL,
  `auth_key` varchar(32) COLLATE utf8_unicode_ci NOT NULL,
  `password_hash` varchar(255) COLLATE utf8_unicode_ci NOT NULL,
  `password_reset_token` varchar(255) COLLATE utf8_unicode_ci DEFAULT NULL,
  `email` varchar(255) COLLATE utf8_unicode_ci NOT NULL,
  `status` smallint(6) NOT NULL DEFAULT '10',
  `created_at` int(11) NOT NULL,
  `updated_at` int(11) NOT NULL,
  `verification_token` varchar(255) COLLATE utf8_unicode_ci DEFAULT NULL,
  `country_id` int(11) DEFAULT NULL
) ENGINE=InnoDB DEFAULT CHARSET=utf8 COLLATE=utf8_unicode_ci;

--
-- Дамп данных таблицы `user`
--

INSERT INTO `user` (`id`, `username`, `auth_key`, `password_hash`, `password_reset_token`, `email`, `status`, `created_at`, `updated_at`, `verification_token`, `country_id`) VALUES
(1, 'admin', 'XFr6NP1FMvEnB_yN8kI_SCORpR49QmsP', '$2y$13$eU.pOo47xDd/XrqPtYXwRuzYvOiFYXc2N96SOCTAaQw3nwO9tGtgS', NULL, 'admin@gmail.com', 10, 1657185343, 1657185343, 'jP9FQ4ei1D214iTpWBIJplpKXti84kXr_1657185343', 1),
(2, 'john', 'gb3Zn8bYf0GgTz3JcLRMHDNRrnwqQ8sa', '$2y$13$IA6zyRT/hg0i7T9ELTgPrugT6ZwvJiMO3MrM5lY1ba9juiNgJKU4.', NULL, 'john@gmail.com', 10, 1657188800, 1657188800, 'bYJ0cx7ECdpxdaCo0IN7DX4vmR8P9gNz_1657188800', 1),
(3, 'peter', 'jLc6BBKVYlIiBrs3znEwRadgh0hN6CdG', '$2y$13$v9HW00pp1ALbcOlQxZfM0OTwexSgo6uyqUOeEaMxu4TTbL/a78UCu', NULL, 'peter@gmail.com', 10, 1657188855, 1657188855, 'TyKAM4YsYsUpps4g5sWPlVJ8QO5T-VqG_1657188855', 1),
(10, 'user1', 'XTp7ySBP1vMO6nmi3_FZaS6jwffqnki1', '$2y$13$JyPhaHohIKXemhIZWsTPyOZOJtEqW7kazyopE2tsFU0E3/FyPJdEu', NULL, 'user1@gmail.com', 10, 1657195456, 1657195456, 'AXYkq9VKVJ5tT7DnD7MV-MiJ_K1TZOt7_1657195456', NULL);

--
-- Индексы сохранённых таблиц
--

--
-- Индексы таблицы `city`
--
ALTER TABLE `city`
  ADD PRIMARY KEY (`city_id`),
  ADD KEY `r_id` (`region_id`);

--
-- Индексы таблицы `city_language`
--
ALTER TABLE `city_language`
  ADD PRIMARY KEY (`city_id`,`language`);

--
-- Индексы таблицы `continent`
--
ALTER TABLE `continent`
  ADD PRIMARY KEY (`continent_id`);

--
-- Индексы таблицы `country`
--
ALTER TABLE `country`
  ADD PRIMARY KEY (`country_id`),
  ADD UNIQUE KEY `idx_code` (`code`) USING BTREE,
  ADD KEY `continent_id` (`continent_id`);

--
-- Индексы таблицы `migration`
--
ALTER TABLE `migration`
  ADD PRIMARY KEY (`version`);

--
-- Индексы таблицы `region`
--
ALTER TABLE `region`
  ADD PRIMARY KEY (`region_id`) USING BTREE,
  ADD KEY `country_id` (`country_id`);

--
-- Индексы таблицы `region_language`
--
ALTER TABLE `region_language`
  ADD PRIMARY KEY (`region_id`,`language`);

--
-- Индексы таблицы `user`
--
ALTER TABLE `user`
  ADD PRIMARY KEY (`id`),
  ADD UNIQUE KEY `username` (`username`),
  ADD UNIQUE KEY `email` (`email`),
  ADD UNIQUE KEY `password_reset_token` (`password_reset_token`),
  ADD KEY `country_id` (`country_id`);

--
-- AUTO_INCREMENT для сохранённых таблиц
--

--
-- AUTO_INCREMENT для таблицы `city`
--
ALTER TABLE `city`
  MODIFY `city_id` int(11) UNSIGNED NOT NULL AUTO_INCREMENT, AUTO_INCREMENT=1766762;

--
-- AUTO_INCREMENT для таблицы `continent`
--
ALTER TABLE `continent`
  MODIFY `continent_id` int(11) NOT NULL AUTO_INCREMENT, AUTO_INCREMENT=8;

--
-- AUTO_INCREMENT для таблицы `country`
--
ALTER TABLE `country`
  MODIFY `country_id` int(11) NOT NULL AUTO_INCREMENT, AUTO_INCREMENT=247;

--
-- AUTO_INCREMENT для таблицы `region`
--
ALTER TABLE `region`
  MODIFY `region_id` int(11) NOT NULL AUTO_INCREMENT, AUTO_INCREMENT=1026;

--
-- AUTO_INCREMENT для таблицы `user`
--
ALTER TABLE `user`
  MODIFY `id` int(11) NOT NULL AUTO_INCREMENT, AUTO_INCREMENT=11;

--
-- Ограничения внешнего ключа сохраненных таблиц
--

--
-- Ограничения внешнего ключа таблицы `city`
--
ALTER TABLE `city`
  ADD CONSTRAINT `city_ibfk_1` FOREIGN KEY (`region_id`) REFERENCES `region` (`region_id`);

--
-- Ограничения внешнего ключа таблицы `city_language`
--
ALTER TABLE `city_language`
  ADD CONSTRAINT `city_language_ibfk_1` FOREIGN KEY (`city_id`) REFERENCES `city` (`city_id`);

--
-- Ограничения внешнего ключа таблицы `country`
--
ALTER TABLE `country`
  ADD CONSTRAINT `country_ibfk_1` FOREIGN KEY (`continent_id`) REFERENCES `continent` (`continent_id`);

--
-- Ограничения внешнего ключа таблицы `region`
--
ALTER TABLE `region`
  ADD CONSTRAINT `region_ibfk_1` FOREIGN KEY (`country_id`) REFERENCES `country` (`country_id`);

--
-- Ограничения внешнего ключа таблицы `region_language`
--
ALTER TABLE `region_language`
  ADD CONSTRAINT `region_language_ibfk_1` FOREIGN KEY (`region_id`) REFERENCES `region` (`region_id`);

--
-- Ограничения внешнего ключа таблицы `user`
--
ALTER TABLE `user`
  ADD CONSTRAINT `user_ibfk_1` FOREIGN KEY (`country_id`) REFERENCES `country` (`country_id`);
COMMIT;

/*!40101 SET CHARACTER_SET_CLIENT=@OLD_CHARACTER_SET_CLIENT */;
/*!40101 SET CHARACTER_SET_RESULTS=@OLD_CHARACTER_SET_RESULTS */;
/*!40101 SET COLLATION_CONNECTION=@OLD_COLLATION_CONNECTION */;
